id,lat,lon,amenity,type
21392280,51.5154842,-0.1049292,pub,Food and Drinks
21686579,51.5154029,-0.1043348,pub,Food and Drinks
21693791,51.5150736,-0.0997325,pub,Food and Drinks
25473538,51.5096824,-0.0785077,pub,Food and Drinks
25474641,51.5197763,-0.0937556,cinema,Entertainment
25475187,51.5114165,-0.0776978,pub,Food and Drinks
25496840,51.516754,-0.110371,pub,Food and Drinks
32921722,51.5137876,-0.1092189,pub,Food and Drinks
32921723,51.5136388,-0.1090351,parking,Transportation
116097320,51.5149285,-0.0778751,pub,Food and Drinks
116097730,51.5148281,-0.0781193,pub,Food and Drinks
180391012,51.5188735,-0.0785998,cafe,Food and Drinks
248074287,51.5124286,-0.1040162,pub,Food and Drinks
255396262,51.5178198,-0.1090776,bank,Services
255396266,51.5146474,-0.0981098,bank,Services
255396267,51.514642,-0.0982288,bank,Services
259246781,51.5158593,-0.1024019,pub,Food and Drinks
259247147,51.5140162,-0.1021419,pub,Food and Drinks
259247148,51.5140437,-0.1023097,pub,Food and Drinks
259248888,51.5108908,-0.0811851,pub,Food and Drinks
259253467,51.5110137,-0.0847662,pub,Food and Drinks
263679615,51.5130453,-0.0912975,pub,Food and Drinks
266560384,51.5093933,-0.0916244,pub,Food and Drinks
276920899,51.5157129,-0.0894453,pub,Food and Drinks
277906484,51.5132004,-0.0871776,pub,Food and Drinks
280546902,51.5116974,-0.0819854,bank,Services
280547869,51.512255,-0.0800589,bank,Services
280547870,51.5120445,-0.0794831,bank,Services
288045288,51.5142284,-0.0742511,pub,Food and Drinks
289830212,51.5132258,-0.0867502,pub,Food and Drinks
291746120,51.5189603,-0.0860074,pub,Food and Drinks
291747934,51.5190246,-0.0831631,post_office,Services
291753815,51.5198112,-0.0853164,pub,Food and Drinks
291753929,51.5174357,-0.0833132,pub,Food and Drinks
291754220,51.5189552,-0.0836417,pub,Food and Drinks
292705417,51.5102756,-0.0862062,pub,Food and Drinks
292705418,51.5107157,-0.0860166,pub,Food and Drinks
294874302,51.5116653,-0.0899837,pub,Food and Drinks
295975599,51.5147749,-0.0989569,pub,Food and Drinks
295975602,51.5126631,-0.084714,pub,Food and Drinks
295975604,51.5128086,-0.0842713,pub,Food and Drinks
295975606,51.5127202,-0.0793332,pub,Food and Drinks
295975610,51.5137136,-0.0757885,restaurant,Food and Drinks
295975928,51.513355,-0.0908549,restaurant,Food and Drinks
295979629,51.513604,-0.0737842,pub,Food and Drinks
295979630,51.5139021,-0.0746201,pub,Food and Drinks
296610104,51.5132649,-0.0925806,pub,Food and Drinks
296610112,51.5122519,-0.0928038,pub,Food and Drinks
296610125,51.5117645,-0.0929468,fast_food,Food and Drinks
296610128,51.5117911,-0.0931398,restaurant,Food and Drinks
296614811,51.5097312,-0.0802923,restaurant,Food and Drinks
296614817,51.5108903,-0.0808223,pub,Food and Drinks
296614820,51.5111253,-0.079329,restaurant,Food and Drinks
299521880,51.5176909,-0.0799927,police,Government
299521884,51.5183131,-0.0793378,bank,Services
302013654,51.516962,-0.0803573,pub,Food and Drinks
302820466,51.518667,-0.079255,college,Education
304872390,51.5163795,-0.0826453,pub,Food and Drinks
306135216,51.5164477,-0.0833714,fast_food,Food and Drinks
306135269,51.5163973,-0.0828757,bank,Services
306135270,51.5162901,-0.0821143,cafe,Food and Drinks
306135577,51.5148995,-0.0855383,pub,Food and Drinks
306439374,51.5176344,-0.0865794,pub,Food and Drinks
306478017,51.5156499,-0.0887528,pub,Food and Drinks
311974562,51.5184743,-0.0834325,pub,Food and Drinks
314923100,51.51655,-0.0890475,post_office,Services
316763478,51.5150683,-0.0983225,pub,Food and Drinks
316763495,51.5145419,-0.0948116,pub,Food and Drinks
316763576,51.5153585,-0.0956641,bar,Food and Drinks
319984690,51.5132553,-0.0947404,restaurant,Food and Drinks
319984691,51.5131505,-0.095051,restaurant,Food and Drinks
319984698,51.5118712,-0.0937202,restaurant,Food and Drinks
319984731,51.5104577,-0.0880136,pub,Food and Drinks
338463488,51.5181518,-0.1127518,cafe,Food and Drinks
338472530,51.5178734,-0.1102592,restaurant,Food and Drinks
338472551,51.5169781,-0.1076198,restaurant,Food and Drinks
338505169,51.5165567,-0.1110982,restaurant,Food and Drinks
344513448,51.5125803,-0.1045256,post_office,Services
347541055,51.5184112,-0.0784692,pub,Food and Drinks
350370447,51.5154661,-0.1064782,library,Education
350370448,51.51525,-0.1064245,pub,Food and Drinks
350404874,51.513225,-0.1044064,pub,Food and Drinks
350404884,51.5129044,-0.1039479,bank,Services
350404890,51.5131771,-0.1039267,restaurant,Food and Drinks
350404899,51.5132503,-0.1039269,pharmacy,Shopping
350404906,51.5135766,-0.1039438,cafe,Food and Drinks
350437645,51.516203,-0.1093416,pub,Food and Drinks
350439485,51.5159232,-0.1082178,pub,Food and Drinks
350439502,51.5156445,-0.108535,restaurant,Food and Drinks
355416859,51.5138943,-0.102602,pub,Food and Drinks
355416895,51.5186659,-0.1013074,parking,Transportation
355416909,51.5185662,-0.1002516,bar,Food and Drinks
355416935,51.5198059,-0.0979314,cafe,Food and Drinks
364698444,51.5127558,-0.0970953,pub,Food and Drinks
366073061,51.5135603,-0.0789666,pub,Food and Drinks
366073245,51.517437,-0.080797,pub,Food and Drinks
368044073,51.5133205,-0.0999854,restaurant,Food and Drinks
368044078,51.5133984,-0.1001859,restaurant,Food and Drinks
368044118,51.5118468,-0.1000953,parking,Transportation
369119279,51.5143323,-0.0802462,cafe,Food and Drinks
369119280,51.51452,-0.0800751,pub,Food and Drinks
369119282,51.5149794,-0.0789736,fast_food,Food and Drinks
369119283,51.5147516,-0.0790524,cafe,Food and Drinks
369119285,51.5146603,-0.081032,cafe,Food and Drinks
369119286,51.5147902,-0.0809501,pub,Food and Drinks
369119289,51.5159507,-0.078716,restaurant,Food and Drinks
369119292,51.5150989,-0.0806039,cafe,Food and Drinks
369119293,51.5134223,-0.0798538,cafe,Food and Drinks
369121147,51.5126149,-0.0805681,cafe,Food and Drinks
369121150,51.5127492,-0.0812625,cafe,Food and Drinks
369121154,51.5127065,-0.0836318,restaurant,Food and Drinks
369957259,51.5122568,-0.1016371,pub,Food and Drinks
376347925,51.5103747,-0.0961265,pub,Food and Drinks
377499499,51.515435,-0.075591,restaurant,Food and Drinks
377500818,51.5149918,-0.0803276,bar,Food and Drinks
377502618,51.5168332,-0.0799452,fast_food,Food and Drinks
390073204,51.5194875,-0.093437,cafe,Food and Drinks
390073213,51.5184986,-0.0934828,kindergarten,Education
429346224,51.5158403,-0.0792759,pub,Food and Drinks
429346232,51.5147958,-0.078649,restaurant,Food and Drinks
441950765,51.5125127,-0.09878,pub,Food and Drinks
441950767,51.5116579,-0.0982012,place_of_worship,Other
441966150,51.5151432,-0.0987366,pharmacy,Shopping
442373387,51.514496,-0.0956528,bank,Services
470247702,51.5202933,-0.0811838,restaurant,Food and Drinks
470247703,51.519894,-0.0800515,bar,Food and Drinks
470247704,51.5198861,-0.0818169,pub,Food and Drinks
470628776,51.514321,-0.0838784,bank,Services
471488466,51.5126013,-0.0814514,fast_food,Food and Drinks
471488490,51.5120298,-0.0820738,cafe,Food and Drinks
471488492,51.5117851,-0.0820271,cafe,Food and Drinks
471488493,51.5116436,-0.0822566,pharmacy,Shopping
471488497,51.5127702,-0.0809609,bar,Food and Drinks
472754017,51.5148965,-0.0782269,restaurant,Food and Drinks
473261115,51.510035,-0.0901008,fire_station,Government
475396917,51.5161737,-0.0839837,bank,Services
475396921,51.5172754,-0.0830283,pub,Food and Drinks
476025055,51.518822,-0.0792215,restaurant,Food and Drinks
476033502,51.5174595,-0.0940927,restaurant,Food and Drinks
479121697,51.5136135,-0.1009187,restaurant,Food and Drinks
479151676,51.5145526,-0.0987287,cafe,Food and Drinks
488443243,51.5141779,-0.1000039,bank,Services
488443269,51.5141138,-0.1002013,cafe,Food and Drinks
505769332,51.5139036,-0.1045738,pub,Food and Drinks
534907516,51.5149324,-0.0977564,cafe,Food and Drinks
560751240,51.5128882,-0.0839276,fast_food,Food and Drinks
560751244,51.5132469,-0.0946381,fast_food,Food and Drinks
560751263,51.5191504,-0.0881431,fast_food,Food and Drinks
565439071,51.5162441,-0.108227,restaurant,Food and Drinks
565439416,51.5143713,-0.1096614,cafe,Food and Drinks
567015547,51.5178254,-0.0806455,cafe,Food and Drinks
567015646,51.5176371,-0.0808327,cafe,Food and Drinks
567015764,51.5175271,-0.080849,fast_food,Food and Drinks
567016125,51.517509,-0.0802149,cafe,Food and Drinks
567843761,51.5158586,-0.0798521,pharmacy,Shopping
571287151,51.515944,-0.0841022,fast_food,Food and Drinks
571287544,51.5172444,-0.0833387,fast_food,Food and Drinks
577559476,51.5188693,-0.078343,pub,Food and Drinks
577559480,51.5185302,-0.0793065,bank,Services
591974938,51.510076,-0.086329,pub,Food and Drinks
592029659,51.5098985,-0.0858601,pub,Food and Drinks
592030782,51.5094321,-0.084095,restaurant,Food and Drinks
592642006,51.510472,-0.0870841,bar,Food and Drinks
595709481,51.51878,-0.1026986,pub,Food and Drinks
595709974,51.5180475,-0.1048509,parking,Transportation
606768248,51.5139899,-0.1028814,cafe,Food and Drinks
609782327,51.5124652,-0.1039466,bank,Services
609954947,51.5125955,-0.104019,cafe,Food and Drinks
616343331,51.5124315,-0.0988156,restaurant,Food and Drinks
622062081,51.511254,-0.089658,pharmacy,Shopping
640163796,51.5171828,-0.0970164,cafe,Food and Drinks
643312445,51.5178546,-0.1134709,cafe,Food and Drinks
650341168,51.515752,-0.0796774,fast_food,Food and Drinks
662260045,51.518173,-0.08476,cafe,Food and Drinks
664966147,51.5185303,-0.083993,fast_food,Food and Drinks
666475908,51.5135167,-0.0938786,bar,Food and Drinks
666475916,51.5138693,-0.0935309,cafe,Food and Drinks
666475917,51.5142771,-0.0942797,bank,Services
666475921,51.5144535,-0.0938096,restaurant,Food and Drinks
666475927,51.5138481,-0.0931721,cafe,Food and Drinks
666749182,51.510913,-0.074708,pub,Food and Drinks
666749188,51.5115013,-0.0751203,cafe,Food and Drinks
666749200,51.5117122,-0.0754908,cafe,Food and Drinks
666918951,51.5121747,-0.0757376,pub,Food and Drinks
666918952,51.5118709,-0.0756786,bar,Food and Drinks
666920103,51.512367,-0.0754101,bar,Food and Drinks
666920299,51.5135927,-0.0761133,cafe,Food and Drinks
666920731,51.513145,-0.075576,restaurant,Food and Drinks
666920753,51.513777,-0.0755619,fast_food,Food and Drinks
667454570,51.510474,-0.074603,cafe,Food and Drinks
668074037,51.5115174,-0.0757073,cafe,Food and Drinks
668074193,51.5115315,-0.0754346,restaurant,Food and Drinks
668806548,51.5135654,-0.0762155,cafe,Food and Drinks
668820028,51.512073,-0.079772,cafe,Food and Drinks
668820569,51.511976,-0.079927,cafe,Food and Drinks
668842083,51.5122258,-0.0793038,cafe,Food and Drinks
668842428,51.512553,-0.079109,cafe,Food and Drinks
670101887,51.5147054,-0.0810101,cafe,Food and Drinks
674954061,51.5112939,-0.0772692,pub,Food and Drinks
675734371,51.5117445,-0.0774102,cafe,Food and Drinks
685996805,51.519021,-0.0874706,bank,Services
687648578,51.5116672,-0.0751904,restaurant,Food and Drinks
688688992,51.509757,-0.078376,restaurant,Food and Drinks
689097130,51.5084656,-0.0792217,cafe,Food and Drinks
690275859,51.5121948,-0.0753621,restaurant,Food and Drinks
691387452,51.509738,-0.079427,cafe,Food and Drinks
692162483,51.5121301,-0.0851628,fast_food,Food and Drinks
692162500,51.5127258,-0.0852031,restaurant,Food and Drinks
692162524,51.5124628,-0.0832116,restaurant,Food and Drinks
692162534,51.5126585,-0.0833025,restaurant,Food and Drinks
692162535,51.5127691,-0.0834132,pub,Food and Drinks
692162550,51.5127356,-0.0833287,restaurant,Food and Drinks
692162587,51.5135099,-0.0832315,bar,Food and Drinks
692162590,51.5135384,-0.0828514,bar,Food and Drinks
694158855,51.5118514,-0.0762537,bar,Food and Drinks
694159622,51.5117014,-0.0757505,restaurant,Food and Drinks
694469672,51.5116888,-0.0759764,doctors,Health
694471966,51.5116636,-0.0767166,bar,Food and Drinks
694473687,51.511228,-0.077017,cafe,Food and Drinks
694474726,51.510773,-0.076834,bar,Food and Drinks
694475188,51.510634,-0.077099,restaurant,Food and Drinks
694509826,51.509724,-0.079885,cafe,Food and Drinks
694510208,51.5088796,-0.0789428,restaurant,Food and Drinks
694510269,51.5089063,-0.0790823,restaurant,Food and Drinks
694824545,51.5085291,-0.079136,cafe,Food and Drinks
694824549,51.5086158,-0.0790608,cafe,Food and Drinks
696913693,51.51122,-0.0776408,restaurant,Food and Drinks
696927640,51.51072,-0.080403,restaurant,Food and Drinks
696931374,51.510033,-0.079363,pub,Food and Drinks
701292868,51.513351,-0.073876,doctors,Health
702735037,51.511096,-0.087252,bank,Services
702768598,51.511348,-0.088611,cafe,Food and Drinks
702769377,51.511328,-0.088512,fast_food,Food and Drinks
702773347,51.511572,-0.089838,pub,Food and Drinks
702796635,51.512573,-0.090096,cafe,Food and Drinks
702806732,51.5098068,-0.0867617,cafe,Food and Drinks
707299370,51.511051,-0.07561,cafe,Food and Drinks
707301027,51.510873,-0.075507,cafe,Food and Drinks
707377198,51.5121056,-0.0791858,restaurant,Food and Drinks
708866091,51.5125635,-0.0836537,restaurant,Food and Drinks
708866092,51.5152475,-0.0799419,cafe,Food and Drinks
710474270,51.512194,-0.0839214,restaurant,Food and Drinks
710527432,51.5106631,-0.0763715,cafe,Food and Drinks
710656926,51.5187168,-0.1009564,parking,Transportation
734468159,51.5082177,-0.0803107,bar,Food and Drinks
739967562,51.5094976,-0.0842112,pub,Food and Drinks
748067171,51.513147,-0.0992559,restaurant,Food and Drinks
748067842,51.5131661,-0.0994135,restaurant,Food and Drinks
748068625,51.5132501,-0.0997741,restaurant,Food and Drinks
748069031,51.513199,-0.0995733,cafe,Food and Drinks
748073737,51.5137785,-0.1016151,cafe,Food and Drinks
748074039,51.5137364,-0.1018968,bank,Services
748076792,51.5138644,-0.1010988,restaurant,Food and Drinks
748091223,51.5138854,-0.1023801,fast_food,Food and Drinks
748093715,51.5141813,-0.1023124,cafe,Food and Drinks
751837707,51.5128943,-0.1094514,pub,Food and Drinks
758770187,51.5147056,-0.1092953,restaurant,Food and Drinks
761831040,51.5130063,-0.1081227,parking,Transportation
796482320,51.5137032,-0.0858011,pub,Food and Drinks
796777946,51.5104975,-0.0793674,restaurant,Food and Drinks
796926923,51.5128984,-0.0840488,restaurant,Food and Drinks
796931869,51.5126831,-0.0827842,bar,Food and Drinks
803653271,51.5162648,-0.0904216,university,Education
815080921,51.5173179,-0.112509,doctors,Health
826142862,51.5178026,-0.0963747,bicycle_rental,Services
826482370,51.512412,-0.075709,restaurant,Food and Drinks
826488381,51.5132987,-0.0767054,bicycle_rental,Services
835264545,51.5141598,-0.0806186,bicycle_rental,Services
835264548,51.5164062,-0.0796248,bicycle_rental,Services
835390896,51.5160656,-0.0821208,bicycle_rental,Services
845982802,51.5139117,-0.0928172,bicycle_rental,Services
854360954,51.5158929,-0.0930433,bicycle_rental,Services
854473346,51.5115787,-0.092912,bicycle_rental,Services
854480081,51.5169577,-0.0938057,bicycle_rental,Services
854480082,51.5191667,-0.0882396,bicycle_rental,Services
854480085,51.5216753,-0.0944215,bicycle_rental,Services
854971993,51.5156185,-0.0757631,restaurant,Food and Drinks
854973527,51.515355,-0.075473,bar,Food and Drinks
854974647,51.515278,-0.075377,restaurant,Food and Drinks
855064458,51.5153824,-0.0765922,cafe,Food and Drinks
855066534,51.5153678,-0.0766916,bar,Food and Drinks
857051575,51.5144632,-0.087655,bicycle_rental,Services
857051594,51.5134245,-0.1029426,fast_food,Food and Drinks
858208000,51.5210402,-0.0787595,bicycle_rental,Services
859187369,51.5092478,-0.0847281,bicycle_rental,Services
859317501,51.5154351,-0.0988025,bicycle_rental,Services
864817644,51.5119767,-0.0975118,bicycle_rental,Services
865137329,51.510373,-0.082903,bicycle_rental,Services
865138602,51.510748,-0.084125,cafe,Food and Drinks
865143232,51.510755,-0.084697,pharmacy,Shopping
865144071,51.510804,-0.0855511,cafe,Food and Drinks
871980872,51.511982,-0.088908,restaurant,Food and Drinks
871981135,51.51201,-0.08915,cafe,Food and Drinks
871982508,51.5130422,-0.0881441,cafe,Food and Drinks
871985013,51.5131003,-0.0889797,restaurant,Food and Drinks
873543871,51.5157896,-0.1052608,bicycle_rental,Services
873543872,51.5137605,-0.1078828,bicycle_rental,Services
873543873,51.5159214,-0.1117517,bicycle_rental,Services
877660350,51.512034,-0.0975136,cafe,Food and Drinks
883627406,51.5171342,-0.0866949,bicycle_rental,Services
891689335,51.51834,-0.100677,bicycle_rental,Services
902513135,51.5194229,-0.0845149,marketplace,Shopping
906172959,51.5195367,-0.0803524,cafe,Food and Drinks
916986417,51.5138266,-0.0753846,cafe,Food and Drinks
945759223,51.511579,-0.0769961,bicycle_rental,Services
972235674,51.513987,-0.085556,restaurant,Food and Drinks
973101833,51.5177954,-0.0900262,bicycle_rental,Services
1039290554,51.5170851,-0.0805763,bar,Food and Drinks
1039290570,51.5173277,-0.0803242,fast_food,Food and Drinks
1039290596,51.5171137,-0.0810806,pub,Food and Drinks
1092164420,51.5204372,-0.097313,bicycle_rental,Services
1115754980,51.5117846,-0.1081089,restaurant,Food and Drinks
1138902659,51.515598,-0.1075598,cafe,Food and Drinks
1141415186,51.5196932,-0.084905,cafe,Food and Drinks
1141415212,51.5197911,-0.0846228,fast_food,Food and Drinks
1141415223,51.5188467,-0.088239,fast_food,Food and Drinks
1142052857,51.5191432,-0.0880307,bank,Services
1142052873,51.5190657,-0.0880998,restaurant,Food and Drinks
1144617449,51.5156237,-0.0898216,cafe,Food and Drinks
1144621346,51.5135426,-0.0893776,bank,Services
1144626359,51.5122001,-0.0955593,pub,Food and Drinks
1150003215,51.5178081,-0.0886388,pub,Food and Drinks
1163954998,51.5145763,-0.0996723,restaurant,Food and Drinks
1169109466,51.5190326,-0.0898678,restaurant,Food and Drinks
1169109474,51.5177066,-0.0887869,bar,Food and Drinks
1169109478,51.5192992,-0.0899418,restaurant,Food and Drinks
1169109488,51.5178134,-0.0888896,fast_food,Food and Drinks
1178876996,51.5176209,-0.0800824,fast_food,Food and Drinks
1195738489,51.5202477,-0.0950529,police,Government
1203623751,51.508725,-0.0802018,parking,Transportation
1233354330,51.5118869,-0.0746975,gym,Health
1271071058,51.5124577,-0.0879323,fast_food,Food and Drinks
1271071236,51.5126463,-0.0877446,fast_food,Food and Drinks
1299473447,51.5183588,-0.0787942,restaurant,Food and Drinks
1312335328,51.5146961,-0.0963005,cafe,Food and Drinks
1319881901,51.5172781,-0.1035636,bicycle_rental,Services
1319881926,51.5200092,-0.0921868,bicycle_rental,Services
1377064259,51.5162804,-0.1111998,bar,Food and Drinks
1390303288,51.5178898,-0.081174,police,Government
1390303302,51.5180175,-0.0811631,shelter,Services
1446080708,51.5126055,-0.0831885,fast_food,Food and Drinks
1497452168,51.5130813,-0.0856268,pub,Food and Drinks
1497452177,51.5129864,-0.0860374,pub,Food and Drinks
1497452179,51.5128427,-0.0858148,pub,Food and Drinks
1535778596,51.5156671,-0.0908536,cafe,Food and Drinks
1547180572,51.5116795,-0.0811097,bank,Services
1547392947,51.5113698,-0.0794105,pub,Food and Drinks
1556324751,51.5096737,-0.0787418,restaurant,Food and Drinks
1561417481,51.5095282,-0.0807865,pub,Food and Drinks
1586878265,51.5150119,-0.0768769,cafe,Food and Drinks
1590148307,51.5103066,-0.0731599,parking,Transportation
1664365106,51.5163245,-0.0984754,bicycle_rental,Services
1668135490,51.5195585,-0.0807071,bar,Food and Drinks
1669491400,51.5205044,-0.098053,bar,Food and Drinks
1684709914,51.5163243,-0.0940154,cafe,Food and Drinks
1684709919,51.5171818,-0.0934503,cafe,Food and Drinks
1684709924,51.5158093,-0.0943343,pub,Food and Drinks
1686333062,51.5139067,-0.093972,cafe,Food and Drinks
1686333067,51.5143441,-0.0950172,cafe,Food and Drinks
1686333081,51.5139335,-0.0941109,fast_food,Food and Drinks
1689387893,51.5103728,-0.0833866,restaurant,Food and Drinks
1689387894,51.5102938,-0.0834471,bar,Food and Drinks
1689387895,51.5103011,-0.0846475,bar,Food and Drinks
1689475265,51.5112806,-0.0794033,fast_food,Food and Drinks
1689475271,51.5111081,-0.0781623,cafe,Food and Drinks
1689475301,51.511151,-0.0790157,restaurant,Food and Drinks
1690180872,51.5150688,-0.0780801,cafe,Food and Drinks
1695378571,51.5163282,-0.0808141,bar,Food and Drinks
1695378709,51.5169324,-0.0802106,cafe,Food and Drinks
1713239161,51.5105297,-0.0967916,restaurant,Food and Drinks
1713239193,51.510664,-0.0970623,restaurant,Food and Drinks
1713257250,51.5108772,-0.0947076,cafe,Food and Drinks
1717643485,51.5140407,-0.0908026,restaurant,Food and Drinks
1717643541,51.5145539,-0.090534,bank,Services
1718233820,51.5146398,-0.0916993,bar,Food and Drinks
1718390711,51.5148292,-0.0912708,restaurant,Food and Drinks
1718566736,51.5157399,-0.0901786,cafe,Food and Drinks
1723388900,51.5206014,-0.0938661,parking,Transportation
1753230404,51.5177918,-0.0826338,cafe,Food and Drinks
1754142781,51.5135582,-0.1052849,bar,Food and Drinks
1759453981,51.5169948,-0.0935717,fast_food,Food and Drinks
1759453982,51.5171393,-0.094835,cafe,Food and Drinks
1763582349,51.5112255,-0.0929962,bicycle_rental,Services
1769294100,51.5091099,-0.0897444,bar,Food and Drinks
1772682562,51.5200283,-0.0841191,bicycle_rental,Services
1779091997,51.510124,-0.0903711,bar,Food and Drinks
1779839257,51.5115238,-0.0870248,cafe,Food and Drinks
1787108617,51.5158403,-0.0837813,bank,Services
1787108618,51.5147831,-0.0852014,cafe,Food and Drinks
1793423127,51.5129946,-0.100707,cafe,Food and Drinks
1804590443,51.5123529,-0.0759696,restaurant,Food and Drinks
1816038209,51.5140659,-0.1111696,bicycle_rental,Services
1816038212,51.5175429,-0.1079487,bicycle_rental,Services
1816705112,51.5178435,-0.0995535,cafe,Food and Drinks
1816705119,51.5179241,-0.1000417,clinic,Health
1816959327,51.5161276,-0.1013586,cafe,Food and Drinks
1830558948,51.515082,-0.0964727,cafe,Food and Drinks
1830558949,51.5151415,-0.096469,restaurant,Food and Drinks
1832227871,51.5170726,-0.1072584,fast_food,Food and Drinks
1832227872,51.5171313,-0.1073528,cafe,Food and Drinks
1832688358,51.5164013,-0.1112117,bar,Food and Drinks
1832688367,51.5166596,-0.1111115,restaurant,Food and Drinks
1844622462,51.51714,-0.107769,restaurant,Food and Drinks
1844622467,51.515985,-0.10932,cafe,Food and Drinks
1944425592,51.5137631,-0.0842418,bank,Services
1977682861,51.5145675,-0.0864453,cafe,Food and Drinks
1988924587,51.5178454,-0.0797675,cafe,Food and Drinks
1988964537,51.5194343,-0.0794517,cafe,Food and Drinks
1990694632,51.5101991,-0.0926904,parking,Transportation
2002787538,51.51311,-0.0941524,restaurant,Food and Drinks
2005076943,51.5147356,-0.0865751,restaurant,Food and Drinks
2018778545,51.5200124,-0.0942444,library,Education
2118622430,51.5177374,-0.0968215,bar,Food and Drinks
2118622484,51.5177506,-0.0965515,cafe,Food and Drinks
2135411292,51.518448,-0.0973908,parking,Transportation
2168949323,51.5194649,-0.089136,nightclub,Entertainment
2181228603,51.514381,-0.0951487,restaurant,Food and Drinks
2189991994,51.509227,-0.0800317,restaurant,Food and Drinks
2306299784,51.5210878,-0.0929175,cinema,Entertainment
2313253287,51.509736,-0.079739,cafe,Food and Drinks
2313253514,51.509729,-0.07952,cafe,Food and Drinks
2334237323,51.5109803,-0.0816178,restaurant,Food and Drinks
2386586656,51.5158896,-0.0894555,bar,Food and Drinks
2386591474,51.5156828,-0.0904706,bar,Food and Drinks
2389237163,51.5187687,-0.0882071,bank,Services
2389867778,51.511476,-0.089229,cafe,Food and Drinks
2389890388,51.514388,-0.0858098,pharmacy,Shopping
2389896693,51.5169874,-0.0831215,fast_food,Food and Drinks
2417784150,51.5157674,-0.0906418,fast_food,Food and Drinks
2467844948,51.5210194,-0.0930799,cafe,Food and Drinks
2467844953,51.5210895,-0.0926896,restaurant,Food and Drinks
2490735156,51.5150095,-0.0850972,college,Education
2496113494,51.518361,-0.0836748,cafe,Food and Drinks
2502516624,51.517487,-0.0953877,parking,Transportation
2530782263,51.5116663,-0.0806453,cafe,Food and Drinks
2534832370,51.5108715,-0.0908692,pub,Food and Drinks
2541062471,51.5101705,-0.0842367,fast_food,Food and Drinks
2541065237,51.512063,-0.082426,fast_food,Food and Drinks
2545451238,51.5184881,-0.08402,fast_food,Food and Drinks
2552477967,51.5101313,-0.0842444,restaurant,Food and Drinks
2554608346,51.516799,-0.0864441,restaurant,Food and Drinks
2574301884,51.5101498,-0.0844172,cafe,Food and Drinks
2592530672,51.5188357,-0.0789814,restaurant,Food and Drinks
2616939016,51.5130738,-0.092593,restaurant,Food and Drinks
2632761630,51.519909,-0.0793085,bar,Food and Drinks
2632761639,51.52112,-0.0791943,cafe,Food and Drinks
2632761641,51.5208561,-0.0794619,cafe,Food and Drinks
2632761642,51.5210136,-0.0793126,cafe,Food and Drinks
2642857004,51.5143849,-0.0864373,restaurant,Food and Drinks
2642857066,51.5139817,-0.0860246,bank,Services
2642857073,51.5137835,-0.0863464,restaurant,Food and Drinks
2642857076,51.5141001,-0.0869235,bank,Services
2642857238,51.5113198,-0.0873492,cafe,Food and Drinks
2642857241,51.5114607,-0.0871213,restaurant,Food and Drinks
2642895012,51.5166913,-0.0875236,fast_food,Food and Drinks
2642895015,51.5166023,-0.0878151,cafe,Food and Drinks
2642895020,51.5164114,-0.0875935,restaurant,Food and Drinks
2642895027,51.5163838,-0.0878586,restaurant,Food and Drinks
2642895032,51.5160723,-0.0872808,cafe,Food and Drinks
2642895034,51.5156147,-0.0882993,fast_food,Food and Drinks
2642895041,51.5162053,-0.0876388,bank,Services
2642895044,51.5158032,-0.087801,restaurant,Food and Drinks
2642895061,51.516783,-0.0875035,fast_food,Food and Drinks
2660331337,51.5189332,-0.0895644,fast_food,Food and Drinks
2663943027,51.5190465,-0.0900083,bar,Food and Drinks
2663943029,51.5191308,-0.0888951,cafe,Food and Drinks
2672118121,51.5159379,-0.0927967,library,Education
2681310259,51.517682,-0.1092106,bank,Services
2688194610,51.515099,-0.1054434,bicycle_rental,Services
2737653447,51.5111068,-0.0858836,bar,Food and Drinks
2754581096,51.5196883,-0.093761,cafe,Food and Drinks
2793892943,51.5128315,-0.0845788,fast_food,Food and Drinks
2793904913,51.5144903,-0.0840663,restaurant,Food and Drinks
2793904914,51.5143246,-0.085187,restaurant,Food and Drinks
2793904915,51.5142271,-0.0844398,restaurant,Food and Drinks
2793904916,51.5134334,-0.0854419,fast_food,Food and Drinks
2876062101,51.5171666,-0.0824958,restaurant,Food and Drinks
2876062102,51.5171316,-0.0825452,bureau_de_change,Services
2898947623,51.5148734,-0.0915477,cafe,Food and Drinks
2898949673,51.5147635,-0.0915874,cafe,Food and Drinks
2914392891,51.5164859,-0.078969,restaurant,Food and Drinks
2914393692,51.5172702,-0.0800393,fast_food,Food and Drinks
2914399314,51.516441,-0.0787985,restaurant,Food and Drinks
2914561213,51.5170836,-0.079769,restaurant,Food and Drinks
2917627044,51.5173594,-0.0816951,restaurant,Food and Drinks
2917627045,51.5173794,-0.0817622,restaurant,Food and Drinks
2917627046,51.517346,-0.0808019,bar,Food and Drinks
2917627047,51.5173227,-0.0808609,bar,Food and Drinks
2917627048,51.5171374,-0.0811908,restaurant,Food and Drinks
2924593992,51.5108705,-0.0879057,restaurant,Food and Drinks
2928885430,51.5161976,-0.0812224,restaurant,Food and Drinks
2928885431,51.5162609,-0.0810298,restaurant,Food and Drinks
2934288544,51.5149462,-0.0807769,bank,Services
2934288545,51.5151499,-0.0801122,dentist,Health
2935383884,51.510937,-0.0803664,pub,Food and Drinks
2935383885,51.51071,-0.0816753,bar,Food and Drinks
2935424558,51.5112676,-0.081635,restaurant,Food and Drinks
2935431092,51.515691,-0.0790092,restaurant,Food and Drinks
2945792753,51.5135721,-0.0808723,bar,Food and Drinks
2967342477,51.511967,-0.0834791,restaurant,Food and Drinks
2967342480,51.51178,-0.0836052,restaurant,Food and Drinks
2967342482,51.5116919,-0.0831712,fast_food,Food and Drinks
2979737106,51.5207291,-0.0789605,restaurant,Food and Drinks
2985830592,51.5169075,-0.0801505,fast_food,Food and Drinks
3010425536,51.5157413,-0.0857481,cafe,Food and Drinks
3014236564,51.5170285,-0.0786661,bar,Food and Drinks
3014236565,51.5171424,-0.078597,restaurant,Food and Drinks
3014236572,51.5169556,-0.0783525,restaurant,Food and Drinks
3018116497,51.5149648,-0.0830569,fast_food,Food and Drinks
3018116498,51.5151685,-0.0828534,fast_food,Food and Drinks
3018116499,51.5151085,-0.0829092,bank,Services
3068270488,51.5166157,-0.0782474,fast_food,Food and Drinks
3086182493,51.5170552,-0.0794389,restaurant,Food and Drinks
3114630761,51.515105,-0.0840846,bar,Food and Drinks
3130435823,51.510385,-0.091702,police,Government
3143551225,51.5152028,-0.0824388,cafe,Food and Drinks
3143551226,51.5151673,-0.0824833,bureau_de_change,Services
3143555530,51.5166221,-0.0797444,bank,Services
3144096202,51.5173375,-0.0850843,restaurant,Food and Drinks
3145196706,51.5154032,-0.0822007,restaurant,Food and Drinks
3147137124,51.511846,-0.0822405,cafe,Food and Drinks
3147137125,51.5120699,-0.0825053,cafe,Food and Drinks
3147137127,51.5120506,-0.0822806,fast_food,Food and Drinks
3147324127,51.51193,-0.082545,fast_food,Food and Drinks
3147328734,51.5095899,-0.0846551,bicycle_rental,Services
3149254958,51.5144034,-0.107269,fast_food,Food and Drinks
3168534745,51.5175256,-0.0782576,restaurant,Food and Drinks
3195441960,51.5174192,-0.0776409,university,Education
3195444561,51.5177685,-0.0777772,university,Education
3197327375,51.5172383,-0.0822607,fast_food,Food and Drinks
3197327376,51.5172884,-0.082472,fast_food,Food and Drinks
3197327377,51.5173166,-0.0826172,fast_food,Food and Drinks
3197327378,51.5173415,-0.0827188,fast_food,Food and Drinks
3197327379,51.517401,-0.0828744,cafe,Food and Drinks
3197333545,51.5204357,-0.0818002,restaurant,Food and Drinks
3206389319,51.5212463,-0.0787394,cafe,Food and Drinks
3215682615,51.515221,-0.0786837,fast_food,Food and Drinks
3217449861,51.513953,-0.110937,fast_food,Food and Drinks
3218826552,51.5147271,-0.0779598,cafe,Food and Drinks
3232148226,51.5111293,-0.0924834,restaurant,Food and Drinks
3239271376,51.5134457,-0.1051991,library,Education
3239534784,51.5126645,-0.0929765,cafe,Food and Drinks
3239540779,51.512725,-0.0947297,restaurant,Food and Drinks
3239546486,51.5140476,-0.1057964,bar,Food and Drinks
3239690226,51.5127075,-0.0927925,fast_food,Food and Drinks
3242848841,51.5151829,-0.0786027,post_office,Services
3242958313,51.5150185,-0.0783984,cafe,Food and Drinks
3269520661,51.5140024,-0.0950276,restaurant,Food and Drinks
3269724929,51.511276,-0.0829338,fast_food,Food and Drinks
3272823596,51.5109496,-0.0829965,fast_food,Food and Drinks
3280460982,51.5142317,-0.0907172,restaurant,Food and Drinks
3292939264,51.5151425,-0.0796133,bar,Food and Drinks
3306596294,51.5106118,-0.0854066,deli,Food and Drinks
3307352611,51.5129232,-0.0856165,bar,Food and Drinks
3320738322,51.5156916,-0.0876385,dentist,Health
3320743087,51.5179204,-0.0878248,clinic,Health
3320744024,51.5182262,-0.0879885,bank,Services
3320744026,51.5155333,-0.0901027,restaurant,Food and Drinks
3320744028,51.5156221,-0.0852274,bar,Food and Drinks
3322100994,51.5175441,-0.0801758,cafe,Food and Drinks
3334177782,51.5165844,-0.0855074,cafe,Food and Drinks
3334179228,51.51669,-0.088759,restaurant,Food and Drinks
3334179904,51.5168473,-0.0872585,fast_food,Food and Drinks
3335138107,51.5108925,-0.0870048,cafe,Food and Drinks
3335140053,51.5174337,-0.0807033,fast_food,Food and Drinks
3339836556,51.5163033,-0.0822028,bureau_de_change,Services
3340674786,51.5143693,-0.098506,cafe,Food and Drinks
3340683302,51.5142211,-0.0993092,cafe,Food and Drinks
3340684901,51.5144208,-0.0977845,bar,Food and Drinks
3341683469,51.5171596,-0.081284,bureau_de_change,Services
3356884657,51.5147351,-0.0983825,restaurant,Food and Drinks
3361674393,51.5181166,-0.0778698,cafe,Food and Drinks
3461553681,51.5165215,-0.0786438,cafe,Food and Drinks
3474115153,51.51244,-0.0991329,bicycle_rental,Services
3474141373,51.5128681,-0.0927367,bar,Food and Drinks
3502830657,51.5117721,-0.0904665,fast_food,Food and Drinks
3564584911,51.5173749,-0.0884893,cafe,Food and Drinks
3589846526,51.5171664,-0.0826721,fast_food,Food and Drinks
3589849168,51.5171325,-0.0826926,restaurant,Food and Drinks
3605043290,51.5171599,-0.0821384,fast_food,Food and Drinks
3605043346,51.5171595,-0.0822755,fast_food,Food and Drinks
3605043393,51.5171287,-0.0823331,cafe,Food and Drinks
3605043394,51.5171614,-0.08221,fast_food,Food and Drinks
3613604701,51.5147961,-0.0992673,cafe,Food and Drinks
3622502559,51.5145634,-0.0960947,cafe,Food and Drinks
3623228000,51.5168852,-0.0852286,fast_food,Food and Drinks
3632711581,51.5228655,-0.0977285,restaurant,Food and Drinks
3632716124,51.5228033,-0.0977166,pharmacy,Shopping
3636959724,51.5187817,-0.0799462,fast_food,Food and Drinks
3636959727,51.5182442,-0.0802172,pharmacy,Shopping
3636959728,51.518344,-0.0801623,fast_food,Food and Drinks
3636960395,51.518437,-0.0790167,dentist,Health
3636960396,51.5184278,-0.0790891,fast_food,Food and Drinks
3636961931,51.51897,-0.0798691,bar,Food and Drinks
3656092743,51.5224283,-0.0974288,dentist,Health
3656092750,51.5223134,-0.0973597,cafe,Food and Drinks
3660621192,51.5187139,-0.0969001,restaurant,Food and Drinks
3702963814,51.5163222,-0.0823157,fast_food,Food and Drinks
3702964037,51.5171431,-0.0833748,pub,Food and Drinks
3702964040,51.5165085,-0.0836355,cafe,Food and Drinks
3708230630,51.5145912,-0.0805473,cafe,Food and Drinks
3708554403,51.5107624,-0.0844039,cafe,Food and Drinks
3735863288,51.5177806,-0.0798469,fast_food,Food and Drinks
3735864307,51.5180334,-0.0793647,fast_food,Food and Drinks
3735864419,51.5179708,-0.0796203,pharmacy,Shopping
3735864527,51.5181299,-0.0782184,dentist,Health
3735864530,51.5181419,-0.0785441,dentist,Health
3735864532,51.5181441,-0.0786451,clinic,Health
3735867609,51.5181353,-0.0783837,restaurant,Food and Drinks
3735867878,51.5179012,-0.0792945,restaurant,Food and Drinks
3748264405,51.5181959,-0.0846128,restaurant,Food and Drinks
3748265665,51.5185503,-0.087839,fast_food,Food and Drinks
3764415225,51.5135134,-0.0901051,bank,Services
3768814125,51.5144556,-0.0864955,restaurant,Food and Drinks
3788896805,51.5118905,-0.09043,fast_food,Food and Drinks
3794329186,51.517478,-0.0808837,fast_food,Food and Drinks
3799641431,51.5121837,-0.1007828,place_of_worship,Other
3815898016,51.513831,-0.1045571,restaurant,Food and Drinks
3815898017,51.5140324,-0.1050005,pub,Food and Drinks
3822113518,51.5144282,-0.0775758,bar,Food and Drinks
3822117603,51.5144366,-0.0771171,bicycle_rental,Services
3886785057,51.5130787,-0.0862062,bar,Food and Drinks
3892081357,51.5148953,-0.0792713,fast_food,Food and Drinks
3892273899,51.5139878,-0.1037674,post_office,Services
3906382157,51.5217401,-0.0810362,bicycle_rental,Services
3936798452,51.5189954,-0.0898031,restaurant,Food and Drinks
3961202763,51.5175807,-0.0814971,post_office,Services
3985642227,51.5224788,-0.0974574,fast_food,Food and Drinks
4009487830,51.5152081,-0.0774089,pub,Food and Drinks
4014950761,51.5162589,-0.1079169,cafe,Food and Drinks
4061331068,51.5163518,-0.0782861,restaurant,Food and Drinks
4062914208,51.5138772,-0.1022843,cafe,Food and Drinks
4062918172,51.5135857,-0.1006038,restaurant,Food and Drinks
4062923920,51.5139473,-0.1033662,cafe,Food and Drinks
4075176972,51.5184872,-0.0786161,restaurant,Food and Drinks
4076126436,51.5165577,-0.1037438,cafe,Food and Drinks
4076126437,51.5162456,-0.1026575,restaurant,Food and Drinks
4076126439,51.5164788,-0.1034052,cafe,Food and Drinks
4086136674,51.5186347,-0.0834947,restaurant,Food and Drinks
4086136893,51.5186827,-0.0836721,restaurant,Food and Drinks
4086136989,51.5186714,-0.0833164,restaurant,Food and Drinks
4097312126,51.5147329,-0.079595,restaurant,Food and Drinks
4102413607,51.5188085,-0.0837418,restaurant,Food and Drinks
4102415543,51.518713,-0.0837156,restaurant,Food and Drinks
4111172435,51.5188176,-0.083184,restaurant,Food and Drinks
4118414598,51.5176046,-0.0808728,cafe,Food and Drinks
4193848430,51.5165011,-0.0837531,dentist,Health
4195103054,51.5139218,-0.0811533,university,Education
4200057917,51.5080066,-0.0793773,cafe,Food and Drinks
4209732964,51.5139968,-0.0749161,cafe,Food and Drinks
4210936864,51.5149476,-0.0859288,pub,Food and Drinks
4223463913,51.5147929,-0.0856924,fast_food,Food and Drinks
4223463914,51.5149394,-0.0858626,fast_food,Food and Drinks
4223474121,51.5148168,-0.0868497,post_office,Services
4231921521,51.5147687,-0.0978044,restaurant,Food and Drinks
4241081100,51.5135273,-0.0914607,clinic,Health
4257914191,51.5146756,-0.1025048,restaurant,Food and Drinks
4257914290,51.5159044,-0.1046501,pub,Food and Drinks
4257931290,51.5143381,-0.1026507,restaurant,Food and Drinks
4260079401,51.5146786,-0.0998232,cafe,Food and Drinks
4266748213,51.5169266,-0.0785024,musical_instrument,Shopping
4278071124,51.5142244,-0.1032005,cafe,Food and Drinks
4281045108,51.5175271,-0.0808367,post_office,Services
4284878229,51.5166863,-0.1089721,pub,Food and Drinks
4312323533,51.5196885,-0.0903759,restaurant,Food and Drinks
4326322516,51.5204199,-0.0818309,bar,Food and Drinks
4333851289,51.5176333,-0.0817231,cafe,Food and Drinks
4348232559,51.5187875,-0.0868297,restaurant,Food and Drinks
4350665089,51.5184128,-0.0883208,cafe,Food and Drinks
4355978089,51.5181354,-0.0784611,restaurant,Food and Drinks
4360076798,51.5132639,-0.0862317,bar,Food and Drinks
4377148225,51.5146417,-0.0851221,fast_food,Food and Drinks
4379801327,51.5139907,-0.101598,restaurant,Food and Drinks
4387228849,51.5118991,-0.1071563,bicycle_rental,Services
4402594984,51.5118977,-0.082302,dentist,Health
4402602706,51.5119759,-0.0829313,restaurant,Food and Drinks
4402640904,51.5135432,-0.0809011,fast_food,Food and Drinks
4422013485,51.5154537,-0.0768468,dentist,Health
4428611560,51.5137048,-0.087687,cafe,Food and Drinks
4430905280,51.513514,-0.0807428,restaurant,Food and Drinks
4430905424,51.5134871,-0.080495,fast_food,Food and Drinks
4430908427,51.5139678,-0.0804156,bar,Food and Drinks
4434071302,51.5180133,-0.0795805,pub,Food and Drinks
4452603011,51.5081795,-0.0792529,cafe,Food and Drinks
4452603012,51.5080209,-0.0797169,bar,Food and Drinks
4453345657,51.5146457,-0.0847648,restaurant,Food and Drinks
4453346094,51.5145649,-0.0848476,fast_food,Food and Drinks
4463970713,51.5136785,-0.0877935,cafe,Food and Drinks
4464826256,51.5132646,-0.0929077,bar,Food and Drinks
4475883290,51.5183357,-0.0786943,bar,Food and Drinks
4482110209,51.5146634,-0.094726,cafe,Food and Drinks
4491692422,51.5180173,-0.0971851,restaurant,Food and Drinks
4491693012,51.5179555,-0.0972629,restaurant,Food and Drinks
4498589343,51.5150841,-0.091359,restaurant,Food and Drinks
4500393142,51.5164211,-0.0911334,bar,Food and Drinks
4500601606,51.5155147,-0.0909278,restaurant,Food and Drinks
4500606584,51.5155699,-0.0909161,cafe,Food and Drinks
4500620450,51.5149983,-0.0905988,cafe,Food and Drinks
4500704305,51.5163436,-0.0896117,cafe,Food and Drinks
4501136325,51.5190286,-0.0896531,cafe,Food and Drinks
4503798036,51.5149473,-0.0859926,fast_food,Food and Drinks
4503830991,51.5154865,-0.0844664,bar,Food and Drinks
4504408426,51.515953,-0.0877494,cafe,Food and Drinks
4511881517,51.5184894,-0.0856571,fast_food,Food and Drinks
4513208342,51.5172116,-0.0873822,cafe,Food and Drinks
4515187713,51.5165967,-0.0828474,restaurant,Food and Drinks
4518593704,51.5192305,-0.0795951,restaurant,Food and Drinks
4518611096,51.518862,-0.0891796,pub,Food and Drinks
4519912099,51.5151452,-0.1023878,bank,Services
4519912166,51.5196543,-0.0893372,cafe,Food and Drinks
4520491034,51.516904,-0.0791303,bar,Food and Drinks
4530339697,51.5139327,-0.1029758,fast_food,Food and Drinks
4532363025,51.5141403,-0.1026673,cafe,Food and Drinks
4532431074,51.5105972,-0.1009443,ferry_terminal,Transportation
4542453557,51.5133088,-0.078047,fast_food,Food and Drinks
4542454225,51.5133322,-0.0782294,restaurant,Food and Drinks
4542454920,51.5133456,-0.0783286,bar,Food and Drinks
4548307037,51.5133734,-0.0756395,fast_food,Food and Drinks
4552494180,51.5135131,-0.0831718,bureau_de_change,Services
4559217309,51.5133525,-0.1039415,cafe,Food and Drinks
4559429891,51.5109978,-0.0800148,cafe,Food and Drinks
4559430147,51.5110446,-0.0795857,cafe,Food and Drinks
4559430702,51.5114335,-0.0796259,restaurant,Food and Drinks
4564625488,51.5116522,-0.0826152,bar,Food and Drinks
4564630709,51.5116672,-0.0826957,fast_food,Food and Drinks
4566426324,51.5128634,-0.0837577,restaurant,Food and Drinks
4566427252,51.5128761,-0.083532,bar,Food and Drinks
4566432251,51.5125864,-0.0829771,fast_food,Food and Drinks
4566488874,51.5124447,-0.0837536,fast_food,Food and Drinks
4566884229,51.5123877,-0.0840687,restaurant,Food and Drinks
4568271890,51.5110775,-0.084195,restaurant,Food and Drinks
4569700106,51.514545,-0.1042484,cafe,Food and Drinks
4577310106,51.509949,-0.0859502,fast_food,Food and Drinks
4580662705,51.5105928,-0.0854162,bar,Food and Drinks
4580863202,51.5112655,-0.0869236,fast_food,Food and Drinks
4584951680,51.5129237,-0.0850193,restaurant,Food and Drinks
4585441161,51.5111576,-0.0875835,restaurant,Food and Drinks
4585441787,51.5111376,-0.0873957,fast_food,Food and Drinks
4585490422,51.51745,-0.111948,cafe,Food and Drinks
4599251979,51.511509,-0.0885884,bar,Food and Drinks
4599253161,51.5116442,-0.0885861,pub,Food and Drinks
4599301603,51.511471,-0.0890988,fast_food,Food and Drinks
4601277975,51.5129876,-0.093222,restaurant,Food and Drinks
4601528027,51.5128597,-0.0933691,cafe,Food and Drinks
4603155519,51.5133277,-0.0932017,fast_food,Food and Drinks
4603537401,51.5135163,-0.0937777,restaurant,Food and Drinks
4605187783,51.5130752,-0.0945117,nightclub,Entertainment
4607927952,51.5140101,-0.1017762,restaurant,Food and Drinks
4608987424,51.5146364,-0.1032884,restaurant,Food and Drinks
4608992745,51.5162914,-0.1038151,bar,Food and Drinks
4611844061,51.5131648,-0.1032836,restaurant,Food and Drinks
4616168332,51.5130779,-0.1000725,restaurant,Food and Drinks
4616173630,51.5130184,-0.0997185,restaurant,Food and Drinks
4618362930,51.5123671,-0.098562,restaurant,Food and Drinks
4621862206,51.5109844,-0.0874537,fast_food,Food and Drinks
4623137046,51.5108932,-0.0892194,bar,Food and Drinks
4628672427,51.511928,-0.0810033,bank,Services
4635229032,51.5115107,-0.0921061,restaurant,Food and Drinks
4639477431,51.5122227,-0.0936072,fast_food,Food and Drinks
4640157309,51.5120383,-0.0937282,restaurant,Food and Drinks
4642335167,51.5170376,-0.1039447,cafe,Food and Drinks
4642335168,51.5171521,-0.1043021,cafe,Food and Drinks
4642335169,51.5171103,-0.1041287,restaurant,Food and Drinks
4642335170,51.5173437,-0.1049038,bar,Food and Drinks
4658089036,51.5123452,-0.1044673,restaurant,Food and Drinks
4658089037,51.5124312,-0.1044686,bar,Food and Drinks
4661317159,51.5126371,-0.1077178,cafe,Food and Drinks
4670516188,51.5194111,-0.0983217,restaurant,Food and Drinks
4672184869,51.5181369,-0.0971631,restaurant,Food and Drinks
4674728351,51.520484,-0.0983513,fast_food,Food and Drinks
4674728352,51.5205257,-0.0981824,restaurant,Food and Drinks
4675821975,51.5134839,-0.1081961,embassy,Government
4677585278,51.5178386,-0.1032822,bar,Food and Drinks
4681136862,51.5147451,-0.1051801,restaurant,Food and Drinks
4681136863,51.514639,-0.1050587,restaurant,Food and Drinks
4681218464,51.5144791,-0.1048683,fast_food,Food and Drinks
4681221832,51.5144107,-0.1047356,fast_food,Food and Drinks
4683826095,51.5161749,-0.1082992,fast_food,Food and Drinks
4683826097,51.5160023,-0.1083785,cafe,Food and Drinks
4683826098,51.5159324,-0.1083917,fast_food,Food and Drinks
4683826100,51.5158975,-0.1080482,bar,Food and Drinks
4683826102,51.5156756,-0.1078369,cafe,Food and Drinks
4683826103,51.5154619,-0.1091644,restaurant,Food and Drinks
4683826104,51.515692,-0.1089795,cafe,Food and Drinks
4684785733,51.5147459,-0.1094647,bar,Food and Drinks
4684958736,51.5112066,-0.0837621,restaurant,Food and Drinks
4684958737,51.5111707,-0.0837714,restaurant,Food and Drinks
4684958738,51.5111348,-0.0837835,cafe,Food and Drinks
4684958739,51.5152969,-0.0827121,pharmacy,Shopping
4685078689,51.5123319,-0.0930581,fast_food,Food and Drinks
4685241493,51.5144774,-0.1097449,restaurant,Food and Drinks
4687696983,51.5121599,-0.1048042,restaurant,Food and Drinks
4687696984,51.5121207,-0.1048028,restaurant,Food and Drinks
4691514036,51.5138042,-0.1103604,fast_food,Food and Drinks
4691826689,51.5149449,-0.0759411,courthouse,Government
4705711288,51.5168727,-0.0787324,restaurant,Food and Drinks
4711974953,51.5130588,-0.0834737,cafe,Food and Drinks
4718553520,51.5119115,-0.0791712,restaurant,Food and Drinks
4718553523,51.5117158,-0.0791703,fast_food,Food and Drinks
4718553524,51.5118356,-0.07981,fast_food,Food and Drinks
4719617987,51.5139608,-0.1050334,bar,Food and Drinks
4719617988,51.5139071,-0.1050593,restaurant,Food and Drinks
4719617989,51.5138713,-0.1048006,bar,Food and Drinks
4721890759,51.5132814,-0.1047478,pub,Food and Drinks
4728684961,51.5127038,-0.1070763,restaurant,Food and Drinks
4746785586,51.5139433,-0.0925696,cafe,Food and Drinks
4769774464,51.5143182,-0.1079686,cafe,Food and Drinks
4773897755,51.5111126,-0.0779717,bar,Food and Drinks
4776719573,51.5112716,-0.0759049,bar,Food and Drinks
4802012330,51.5118044,-0.0839259,fast_food,Food and Drinks
475868738,51.5172127,-0.1049731,alcohol,Shopping
796929017,51.5127624,-0.0839805,alcohol,Shopping
1717011302,51.5172875,-0.1049956,alcohol,Shopping
2642857061,51.513822,-0.0871164,alcohol,Shopping
3794341944,51.5169401,-0.0802938,alcohol,Shopping
4404528131,51.5124609,-0.0827034,alcohol,Shopping
3748265231,51.5186943,-0.0876986,bag,Shopping
4548254491,51.5138296,-0.0754691,bag,Shopping
3239539398,51.5134667,-0.1003405,bakery,Shopping
3768818002,51.515444,-0.084192,bakery,Shopping
4223474120,51.5146333,-0.0867028,bakery,Shopping
1832666028,51.5179883,-0.1114589,beauty,Shopping
1832688357,51.5179814,-0.1135638,beauty,Shopping
2642857051,51.5136344,-0.0866048,beauty,Shopping
2642857074,51.5134244,-0.0872298,beauty,Shopping
2642895059,51.516955,-0.0877409,beauty,Shopping
3239698988,51.5151176,-0.0825237,beauty,Shopping
3272823593,51.5114237,-0.082916,beauty,Shopping
3702963812,51.5166918,-0.0835657,beauty,Shopping
3735862991,51.5181843,-0.0790769,beauty,Shopping
1763582361,51.5105894,-0.0927624,bicycle,Shopping
3455347503,51.5173272,-0.0973819,bicycle,Shopping
3970060997,51.5118538,-0.0838313,bicycle,Shopping
4718553525,51.5105662,-0.0801504,bicycle,Shopping
471488491,51.5118127,-0.0820271,bookmaker,Shopping
472754033,51.5147843,-0.0780473,bookmaker,Shopping
674956578,51.5113348,-0.0775963,bookmaker,Shopping
707377168,51.5137604,-0.0756409,bookmaker,Shopping
748073444,51.5137435,-0.1014909,bookmaker,Shopping
2642857072,51.5108433,-0.0870349,bookmaker,Shopping
3061215876,51.5120342,-0.0832762,bookmaker,Shopping
3152619077,51.5162658,-0.0819594,bookmaker,Shopping
3159182900,51.5185606,-0.0793144,bookmaker,Shopping
3272823595,51.5114237,-0.0825244,bookmaker,Shopping
3334177968,51.5163744,-0.0827675,bookmaker,Shopping
3397558294,51.513312,-0.0844418,bookmaker,Shopping
3735867877,51.5179341,-0.079674,bookmaker,Shopping
3748265666,51.5188887,-0.087606,bookmaker,Shopping
4404528132,51.5118187,-0.0820374,bookmaker,Shopping
4430908352,51.5134754,-0.080445,bookmaker,Shopping
4430908421,51.5134754,-0.080445,bookmaker,Shopping
475396915,51.5168732,-0.0873668,books,Shopping
692162564,51.5129756,-0.0832909,books,Shopping
2118622431,51.5178397,-0.0965129,books,Shopping
4718553521,51.5115528,-0.0792519,chemist,Shopping
471488495,51.5117656,-0.0816157,clothes,Shopping
571287279,51.5166495,-0.0833103,clothes,Shopping
666475918,51.5142992,-0.0944278,clothes,Shopping
666475919,51.5143272,-0.0946145,clothes,Shopping
668834653,51.5114748,-0.0818917,clothes,Shopping
692162470,51.5120421,-0.0852577,clothes,Shopping
692162487,51.5124676,-0.0845697,clothes,Shopping
692162503,51.5125242,-0.0848775,clothes,Shopping
692162537,51.5126834,-0.0834307,clothes,Shopping
692162580,51.5132189,-0.0834724,clothes,Shopping
748111107,51.513965,-0.103215,clothes,Shopping
1569215828,51.5118592,-0.0853239,clothes,Shopping
1669495358,51.5167705,-0.0862938,clothes,Shopping
1678245223,51.5130765,-0.0844276,clothes,Shopping
1717643443,51.5136484,-0.0907636,clothes,Shopping
1717643447,51.5136654,-0.090859,clothes,Shopping
1816959399,51.5161533,-0.1014637,clothes,Shopping
2006375680,51.5179134,-0.0844427,clothes,Shopping
2545212934,51.5169029,-0.083469,clothes,Shopping
2642856998,51.5134366,-0.0870246,clothes,Shopping
2642857018,51.513462,-0.0866015,clothes,Shopping
2642857075,51.5137425,-0.0874832,clothes,Shopping
2642857080,51.5134557,-0.0866743,clothes,Shopping
2932674935,51.5150039,-0.0806856,clothes,Shopping
2967342478,51.5123782,-0.0825451,clothes,Shopping
2967342481,51.5117277,-0.083603,clothes,Shopping
2967342484,51.5116793,-0.0829968,clothes,Shopping
3147324128,51.5120969,-0.0826887,clothes,Shopping
3217453561,51.5177589,-0.1097562,clothes,Shopping
3239523393,51.5142303,-0.0859732,clothes,Shopping
3239531480,51.5134855,-0.0911198,clothes,Shopping
3320738321,51.5162771,-0.0843122,clothes,Shopping
3320744023,51.5168387,-0.0869561,clothes,Shopping
3328182092,51.5122371,-0.0829159,clothes,Shopping
3328183693,51.5122589,-0.0828027,clothes,Shopping
3329612221,51.5123181,-0.0826336,clothes,Shopping
3335138106,51.5177824,-0.0804504,clothes,Shopping
3340684502,51.5134078,-0.0904551,clothes,Shopping
3361674394,51.5181344,-0.0780059,clothes,Shopping
3580324093,51.5134509,-0.0862909,clothes,Shopping
3632721825,51.5176812,-0.0783184,clothes,Shopping
3636959726,51.518173,-0.0802503,clothes,Shopping
3702963811,51.5170672,-0.0834063,clothes,Shopping
3735867650,51.5180081,-0.0791939,clothes,Shopping
3748264404,51.5181518,-0.0844542,clothes,Shopping
3748264406,51.5187644,-0.0876717,clothes,Shopping
3748265229,51.5189162,-0.0872342,clothes,Shopping
3748265230,51.5188203,-0.0876396,clothes,Shopping
3748265664,51.5180959,-0.0843181,clothes,Shopping
4136278301,51.5136679,-0.0863663,clothes,Shopping
4317140696,51.513813,-0.091854,clothes,Shopping
4317179189,51.513775,-0.091722,clothes,Shopping
4348232603,51.5182972,-0.0850575,clothes,Shopping
4402594985,51.5119562,-0.0827756,clothes,Shopping
4402602484,51.5118902,-0.082041,clothes,Shopping
4501841789,51.5170943,-0.0889302,clothes,Shopping
4501844425,51.5170108,-0.0889586,clothes,Shopping
4513031544,51.5178438,-0.0845611,clothes,Shopping
4513034776,51.5177618,-0.084714,clothes,Shopping
4532363024,51.5141902,-0.1029477,clothes,Shopping
4534328536,51.5134954,-0.0847709,clothes,Shopping
4566433452,51.5124295,-0.0835117,clothes,Shopping
4566874103,51.512467,-0.0838121,clothes,Shopping
4582595092,51.5132554,-0.0865402,clothes,Shopping
4683826096,51.5161071,-0.1083388,clothes,Shopping
4683826099,51.5158831,-0.1084181,clothes,Shopping
4746785642,51.513789,-0.0917806,clothes,Shopping
4789950321,51.5170736,-0.0943803,computer,Shopping
972225487,51.5132017,-0.0875291,confectionery,Shopping
1142052875,51.5189424,-0.0881746,confectionery,Shopping
3605043349,51.5171283,-0.0822739,confectionery,Shopping
3794341943,51.5175976,-0.0810747,confectionery,Shopping
26659113,51.5175867,-0.1087596,convenience,Shopping
295975600,51.5126226,-0.087495,convenience,Shopping
306136163,51.5149426,-0.0853103,convenience,Shopping
390073174,51.520574,-0.0977172,convenience,Shopping
479151681,51.5139856,-0.1004245,convenience,Shopping
609956569,51.5139656,-0.1040765,convenience,Shopping
687648330,51.510842,-0.075196,convenience,Shopping
748087934,51.5138595,-0.1021638,convenience,Shopping
766467563,51.5132123,-0.1013159,convenience,Shopping
833668418,51.5125291,-0.1040204,convenience,Shopping
1535778603,51.5134804,-0.0842919,convenience,Shopping
1547180571,51.5115785,-0.0813752,convenience,Shopping
1586864010,51.5144219,-0.0769556,convenience,Shopping
2489364566,51.5121671,-0.0942146,convenience,Shopping
2925607547,51.5100098,-0.0866773,convenience,Shopping
2990710234,51.5210037,-0.0790371,convenience,Shopping
3204565206,51.5170727,-0.0818397,convenience,Shopping
3356875069,51.515233,-0.0970003,convenience,Shopping
3356884658,51.5147552,-0.097374,convenience,Shopping
3582625419,51.5113193,-0.0897581,convenience,Shopping
3582629695,51.5111924,-0.088921,convenience,Shopping
3788896806,51.5120941,-0.0903697,convenience,Shopping
4683826101,51.5160044,-0.1080152,convenience,Shopping
4718553522,51.5115946,-0.0791547,convenience,Shopping
471488494,51.5117298,-0.0818238,cosmetics,Shopping
3605041076,51.5171302,-0.0822085,cosmetics,Shopping
3735864536,51.5179683,-0.0789923,cosmetics,Shopping
4513027306,51.5180655,-0.084309,cosmetics,Shopping
4599301604,51.5114585,-0.0890081,cosmetics,Shopping
4713360280,51.5173988,-0.0829766,cosmetics,Shopping
296610106,51.5133665,-0.0925606,craft,Shopping
296610596,51.5119197,-0.0846722,department_store,Shopping
577559481,51.5185946,-0.0792994,department_store,Shopping
471488483,51.5122096,-0.0825119,dry_cleaning,Services
748115552,51.5139636,-0.1036904,dry_cleaning,Services
1678155360,51.5125631,-0.0938178,dry_cleaning,Services
1689475286,51.5111196,-0.0791407,dry_cleaning,Services
3144090204,51.5157351,-0.0781205,dry_cleaning,Services
3656092747,51.5225228,-0.0974913,dry_cleaning,Services
3735863287,51.5180467,-0.079447,dry_cleaning,Services
3751791428,51.5140531,-0.0747774,dry_cleaning,Services
4428609657,51.5133036,-0.0897457,dry_cleaning,Services
1763600535,51.5184235,-0.0855112,electronics,Shopping
1835329125,51.5150576,-0.0970331,electronics,Shopping
4576855306,51.5104782,-0.0838607,electronics,Shopping
1685280996,51.5184017,-0.0912927,estate_agent,Services
2554411176,51.512196,-0.0851126,estate_agent,Services
3340683301,51.5142724,-0.0959812,fashion,Shopping
4566430653,51.512599,-0.083408,fashion,Shopping
1753230414,51.5176959,-0.0821418,florist,Shopping
3589867271,51.5171283,-0.0824126,florist,Shopping
479121690,51.5136766,-0.1011574,gift,Shopping
1719875219,51.5126345,-0.0937838,gift,Shopping
2313255279,51.509742,-0.080001,gift,Shopping
4379801320,51.5139247,-0.101321,gift,Shopping
4621845441,51.5109579,-0.087344,gift,Shopping
385707542,51.5144243,-0.1008266,hairdresser,Services
622583637,51.5163433,-0.082476,hairdresser,Services
796935761,51.512928,-0.0842071,hairdresser,Services
855065293,51.5154813,-0.0764892,hairdresser,Services
1717011315,51.5184465,-0.1050319,hairdresser,Services
1723388903,51.5198811,-0.0968795,hairdresser,Services
1816959332,51.5161742,-0.1015665,hairdresser,Services
3027177910,51.5168819,-0.080056,hairdresser,Services
3145196705,51.515121,-0.0825382,hairdresser,Services
3147137126,51.5120557,-0.0823447,hairdresser,Services
3217438911,51.514287,-0.109628,hairdresser,Services
3239698461,51.512685,-0.0928793,hairdresser,Services
3320744025,51.517868,-0.0882319,hairdresser,Services
3320744027,51.5157192,-0.0900969,hairdresser,Services
3322101486,51.5099034,-0.0863558,hairdresser,Services
3329890271,51.5171975,-0.0821012,hairdresser,Services
3334175013,51.5164134,-0.0831549,hairdresser,Services
3605041070,51.5171614,-0.082334,hairdresser,Services
3636960121,51.5184253,-0.0791548,hairdresser,Services
3656092749,51.5226403,-0.0975703,hairdresser,Services
3656092753,51.5226862,-0.0976043,hairdresser,Services
3665546925,51.516295,-0.0777139,hairdresser,Services
3735864420,51.5175983,-0.0801204,hairdresser,Services
3751798527,51.5140213,-0.0748823,hairdresser,Services
3794345289,51.5169372,-0.0802824,hairdresser,Services
4453344988,51.5145695,-0.0847068,hairdresser,Services
4601684016,51.5131532,-0.0933264,hairdresser,Services
4681223855,51.5144484,-0.1047735,hairdresser,Services
4781014848,51.5157398,-0.0789346,hairdresser,Services
3656092748,51.5220158,-0.0971973,hardware,Shopping
471488496,51.5118322,-0.081432,jewellery,Shopping
692162540,51.5125856,-0.0830699,jewellery,Shopping
2545451251,51.5184739,-0.0838962,jewellery,Shopping
2642857085,51.5138877,-0.0867503,jewellery,Shopping
2642857090,51.5134473,-0.086893,jewellery,Shopping
2967342479,51.5118334,-0.0835837,jewellery,Shopping
3197325384,51.5171991,-0.0814686,jewellery,Shopping
3272823594,51.5114254,-0.0827015,jewellery,Shopping
3329890270,51.5171745,-0.082018,jewellery,Shopping
3605041074,51.5171556,-0.0820829,jewellery,Shopping
3794329185,51.5176577,-0.0810378,jewellery,Shopping
4501836276,51.5171246,-0.0889281,jewellery,Shopping
4584963340,51.5129337,-0.0857676,jewellery,Shopping
4691514033,51.5138431,-0.1101874,jewellery,Shopping
390073172,51.5211627,-0.097114,laundry,Shopping
3605043288,51.5171633,-0.0824134,laundry,Shopping
2965872998,51.5166386,-0.0835831,locksmith,Shopping
3339384937,51.5119069,-0.0835462,locksmith,Shopping
3631245690,51.5178871,-0.0809419,locksmith,Shopping
2642857008,51.5138059,-0.0871787,luxury,Shopping
2642857023,51.5138003,-0.0866683,luxury,Shopping
2642857027,51.5135614,-0.0865875,luxury,Shopping
2642857046,51.5138731,-0.0868918,luxury,Shopping
2642857048,51.5137334,-0.0866402,luxury,Shopping
2642857055,51.5134176,-0.0873511,luxury,Shopping
2642857058,51.5138829,-0.0868085,luxury,Shopping
2642857064,51.5134839,-0.0865589,luxury,Shopping
2642857077,51.5137258,-0.087569,luxury,Shopping
2642857087,51.5137618,-0.0874028,luxury,Shopping
2642857092,51.513693,-0.0877228,luxury,Shopping
2642857189,51.5134034,-0.0876494,luxury,Shopping
2642857190,51.513407,-0.087545,luxury,Shopping
3333896730,51.5120154,-0.0833906,luxury,Shopping
3340683299,51.5136926,-0.0877451,luxury,Shopping
475396911,51.5172007,-0.0889348,mobile_phone,Services
692162569,51.5131209,-0.083483,mobile_phone,Services
918460604,51.517728,-0.0889252,mobile_phone,Services
2642580702,51.5167979,-0.0832301,mobile_phone,Services
2967342483,51.5116994,-0.0832516,mobile_phone,Services
3322101478,51.5174789,-0.0802365,mobile_phone,Services
3333896791,51.5115704,-0.0840538,mobile_phone,Services
3340674785,51.5139749,-0.0943736,mobile_phone,Services
3340677381,51.5139539,-0.0942522,mobile_phone,Services
3362467163,51.5124816,-0.0845282,mobile_phone,Services
4391979716,51.5171338,-0.0829388,mobile_phone,Services
692162566,51.5130683,-0.0832589,music,Shopping
3904058536,51.520572,-0.0927306,musical_instrument,Shopping
377508719,51.5170101,-0.080646,optician,Health
865143729,51.510751,-0.084576,optician,Health
1779881385,51.5133036,-0.0843512,optician,Health
3334179233,51.5156779,-0.0906534,optician,Health
3636959723,51.519346,-0.079595,optician,Health
3656092751,51.5223813,-0.0973986,optician,Health
4566889578,51.5125105,-0.0840483,optician,Health
4628672426,51.5117768,-0.0808422,optician,Health
488443291,51.514242,-0.0996863,outdoor,Shopping
2642857053,51.5137735,-0.0873231,perfume,Shopping
3197327374,51.5172114,-0.0821615,shoe_repair,Services
1832665980,51.5181409,-0.1126398,shoes,Shopping
2642857013,51.5138542,-0.0869785,shoes,Shopping
3197325385,51.5171776,-0.0813721,shoes,Shopping
3702964038,51.5169875,-0.0834546,shoes,Shopping
4317146692,51.513803,-0.091859,shoes,Shopping
4317146693,51.513777,-0.091656,shoes,Shopping
4402602533,51.5119454,-0.0826828,shoes,Shopping
4490144909,51.5137663,-0.0915169,shoes,Shopping
1763582369,51.5105699,-0.0926527,sports,Shopping
1832665977,51.51788,-0.1104763,sports,Shopping
2952718659,51.5131385,-0.0795382,sports,Shopping
3014255927,51.5134744,-0.0933744,sports,Shopping
3232149861,51.5096788,-0.0861988,sports,Shopping
3375577904,51.5105386,-0.0864853,sports,Shopping
2642895029,51.5168546,-0.0877548,stationery,Shopping
3012160555,51.5168188,-0.0798728,stationery,Shopping
3018116496,51.5152219,-0.0828074,stationery,Shopping
3152615905,51.5155501,-0.0763941,stationery,Shopping
3159183115,51.5184337,-0.079352,stationery,Shopping
3333896790,51.5116238,-0.0844856,stationery,Shopping
3334180110,51.5168394,-0.0871757,stationery,Shopping
4350664889,51.5187368,-0.0858205,stationery,Shopping
4566427235,51.5128406,-0.0835849,stationery,Shopping
560717334,51.5135459,-0.0915278,supermarket,Shopping
865142077,51.5105618,-0.0849363,supermarket,Shopping
3613604700,51.5147804,-0.099189,supermarket,Shopping
3660611628,51.5197662,-0.0966801,supermarket,Shopping
3713528468,51.511152,-0.0841773,supermarket,Shopping
4548309989,51.5133443,-0.0756348,supermarket,Shopping
4617766390,51.5100646,-0.0868337,supermarket,Shopping
2793904912,51.5132724,-0.0857053,tailor,Services
4501839131,51.517174,-0.08892,tailor,Services
4599266077,51.5119618,-0.0892005,tailor,Services
4603155359,51.5133044,-0.0930355,tailor,Services
4691514038,51.5137842,-0.1104864,tailor,Services
2642857045,51.5137058,-0.0876506,tobacco,Shopping
3997516207,51.5148749,-0.0788224,tobacco,Shopping
748079263,51.5138715,-0.101207,travel_agency,Services
1678155296,51.5125993,-0.093799,travel_agency,Services
1717643422,51.5136819,-0.0909619,travel_agency,Services
3322101578,51.5106161,-0.0852229,travel_agency,Services
4628672425,51.5117347,-0.0809707,travel_agency,Services
2642857192,51.5134106,-0.087469,accessories,Shopping
4391979715,51.5171329,-0.0828056,accessories,Shopping
3071846406,51.5172104,-0.0799083,alcohol,Shopping
3656092754,51.5227279,-0.0976313,alcohol,Shopping
1779504042,51.5182101,-0.0781576,hotel,Services
306680347,51.5130744,-0.1003656,hotel,Services
675734360,51.5121008,-0.0756938,hotel,Services
692162507,51.5127056,-0.0849374,hotel,Services
795788290,51.5105583,-0.0793762,hotel,Services
1109339085,51.5140478,-0.0854869,hotel,Services
2137260103,51.5128844,-0.1051893,hotel,Services
2294047321,51.5138157,-0.1089001,hotel,Services
2952883084,51.5095129,-0.0836298,hotel,Services
4062923527,51.5138704,-0.1011565,hotel,Services
4340748003,51.5093521,-0.0808189,hotel,Services
4579454593,51.510287,-0.0840234,hotel,Services
4599254833,51.511913,-0.0889527,hotel,Services
4684898311,51.5148516,-0.1087533,hotel,Services
4684899173,51.514388,-0.1091461,hotel,Services
4354554594,51.5176629,-0.1004708,museum,Entertainment
4513341393,51.5142989,-0.0882511,museum,Entertainment
3061197975,51.5115702,-0.0863071,fitness_centre,Health
4369519196,51.5171282,-0.0984511,fitness_centre,Health
4378043280,51.5148394,-0.1004297,fitness_centre,Health
697037338,51.5099578,-0.0756371,playground,Entertainment
1685281116,51.5192595,-0.0918254,playground,Entertainment
666918630,51.511876,-0.074605,sports_centre,Health
668842793,51.512664,-0.078879,sports_centre,Health
694471389,51.511247,-0.076255,sports_centre,Health
1141415201,51.5197284,-0.0850676,sports_centre,Health
1150003439,51.5199571,-0.0818579,sports_centre,Health
1268874626,51.5117385,-0.0970366,sports_centre,Health
1713257252,51.5096752,-0.0914835,sports_centre,Health
1787108615,51.5147315,-0.0853714,sports_centre,Health
2389890389,51.5148938,-0.0841972,sports_centre,Health
2545451248,51.5185695,-0.0840269,sports_centre,Health
2793892926,51.5132665,-0.0848896,sports_centre,Health
2914392296,51.5169716,-0.0788044,sports_centre,Health
3018116500,51.5150418,-0.0829711,sports_centre,Health
3164383488,51.5155316,-0.0799153,sports_centre,Health
3248473472,51.5111879,-0.0846748,sports_centre,Health
3596425484,51.5117094,-0.0902658,sports_centre,Health
3794345288,51.5175023,-0.0807859,sports_centre,Health
3906391799,51.515173,-0.0797979,sports_centre,Health
3936798451,51.5183566,-0.0907248,sports_centre,Health
3998968424,51.5178552,-0.0974636,sports_centre,Health
4061331467,51.515492,-0.0787402,sports_centre,Health
4075042399,51.5185607,-0.0836918,sports_centre,Health
4136266962,51.5145187,-0.0771143,sports_centre,Health
4569700105,51.5145058,-0.104243,tanning_salon,Health
23988892,51.5129643,-0.0824257,bank,Services
35409660,51.5129567,-0.0919681,bank,Services
85478887,51.5153198,-0.0847529,bank,Services
142173274,51.5099659,-0.0822254,bank,Services
142300245,51.5140626,-0.1106642,bank,Services
142983951,51.510798,-0.0851257,bank,Services
148677449,51.5140186,-0.1063727,bank,Services
155421448,51.5117537,-0.0915972,bank,Services
155428071,51.5110972,-0.0885417,bank,Services
155428076,51.5109771,-0.0852208,bank,Services
155428080,51.5105958,-0.0855778,bank,Services
155434163,51.5135839,-0.0811302,bank,Services
156167653,51.5142549,-0.0920352,bank,Services
156167663,51.5135904,-0.0920773,bank,Services
156167669,51.5147089,-0.0919523,bank,Services
156720834,51.5108245,-0.0853054,bank,Services
156720857,51.5106035,-0.0851543,bank,Services
156778765,51.5155919,-0.0787918,bank,Services
159844951,51.5149955,-0.0899454,bank,Services
160093287,51.513686,-0.0925009,bank,Services
160093290,51.5137626,-0.0929161,bank,Services
160093296,51.5136837,-0.092492,bank,Services
160096669,51.5149228,-0.0893458,bank,Services
160096673,51.5150286,-0.0891929,bank,Services
160138923,51.5165547,-0.0885479,bank,Services
160138934,51.516746,-0.088617,bank,Services
161386036,51.5172512,-0.1076359,bank,Services
161420160,51.5137311,-0.1107496,bank,Services
161420167,51.5138834,-0.109771,bank,Services
161420187,51.5135305,-0.1118056,bank,Services
170525607,51.5162717,-0.1000768,bank,Services
170525611,51.5164197,-0.1013323,bank,Services
186577768,51.5203951,-0.0976377,bank,Services
220255009,51.5142923,-0.1041235,bank,Services
220272365,51.5143251,-0.1083294,bank,Services
220272369,51.514331,-0.1081087,bank,Services
220287049,51.514002,-0.1071268,bank,Services
258988669,51.5148901,-0.0890544,bank,Services
274709736,51.5134975,-0.0858485,bank,Services
357203565,51.5172361,-0.0891326,bank,Services
421386554,51.5179553,-0.1117889,bank,Services
142194849,51.5097715,-0.0790629,bar,Food and Drinks
155434155,51.5131335,-0.0794153,bar,Food and Drinks
155906194,51.5133898,-0.0765212,bar,Food and Drinks
156167679,51.5148381,-0.0917123,bar,Food and Drinks
156402689,51.5187545,-0.0929649,bar,Food and Drinks
156731564,51.5138333,-0.0786467,bar,Food and Drinks
156734415,51.5137582,-0.0788935,bar,Food and Drinks
159924468,51.5125995,-0.0936035,bar,Food and Drinks
159925738,51.5136838,-0.093224,bar,Food and Drinks
159925745,51.5133067,-0.0939601,bar,Food and Drinks
172664020,51.512433,-0.0974043,bar,Food and Drinks
309399252,51.5161502,-0.0833948,bar,Food and Drinks
314760755,51.5181402,-0.0781457,bar,Food and Drinks
466005405,51.5154652,-0.1037348,bar,Food and Drinks
468562255,51.5134056,-0.1019805,bar,Food and Drinks
471980170,51.5126957,-0.1082863,bar,Food and Drinks
387299322,51.5149429,-0.0798495,bar,Food and Drinks
23263836,51.5175862,-0.0829672,bus_station,Transportation
396014695,51.5180581,-0.0826747,bus_station,Transportation
142983956,51.510814,-0.084983,cafe,Food and Drinks
146986821,51.5185322,-0.1019236,cafe,Food and Drinks
146986826,51.5192018,-0.0998688,cafe,Food and Drinks
146989376,51.5194291,-0.0992511,cafe,Food and Drinks
147495158,51.517738,-0.1017359,cafe,Food and Drinks
147495160,51.5178438,-0.1017947,cafe,Food and Drinks
155419708,51.5125525,-0.0935998,cafe,Food and Drinks
155421458,51.5118705,-0.092123,cafe,Food and Drinks
155421459,51.5119648,-0.0924929,cafe,Food and Drinks
155430504,51.5133169,-0.0829411,cafe,Food and Drinks
156167657,51.5145869,-0.0920228,cafe,Food and Drinks
156167661,51.5133135,-0.0921491,cafe,Food and Drinks
156178332,51.5149554,-0.0923794,cafe,Food and Drinks
156208042,51.5181568,-0.0894759,cafe,Food and Drinks
156720854,51.510418,-0.0835951,cafe,Food and Drinks
156720863,51.5101866,-0.0826351,cafe,Food and Drinks
156720882,51.510816,-0.0848851,cafe,Food and Drinks
156725307,51.5099221,-0.0803373,cafe,Food and Drinks
156731574,51.5139192,-0.078877,cafe,Food and Drinks
156778739,51.5154446,-0.0785301,cafe,Food and Drinks
159922584,51.5130332,-0.0936793,cafe,Food and Drinks
159922604,51.5131554,-0.0936523,cafe,Food and Drinks
159922618,51.5130052,-0.0942007,cafe,Food and Drinks
159924469,51.5133555,-0.0933888,cafe,Food and Drinks
159924470,51.51299,-0.0930054,cafe,Food and Drinks
159925741,51.5133659,-0.0936041,cafe,Food and Drinks
159925748,51.5134465,-0.0933244,cafe,Food and Drinks
160138933,51.5173403,-0.0882808,cafe,Food and Drinks
160138948,51.5175978,-0.0883352,cafe,Food and Drinks
160140552,51.5172711,-0.0877621,cafe,Food and Drinks
160140557,51.5173215,-0.0880955,cafe,Food and Drinks
160140558,51.517297,-0.0879397,cafe,Food and Drinks
160163213,51.5186929,-0.0852765,cafe,Food and Drinks
161420156,51.5138751,-0.1100001,cafe,Food and Drinks
161420184,51.5135868,-0.1116213,cafe,Food and Drinks
161710600,51.5179888,-0.103094,cafe,Food and Drinks
161710607,51.5199403,-0.0981419,cafe,Food and Drinks
170205757,51.51633,-0.0964889,cafe,Food and Drinks
172306179,51.5164945,-0.1067636,cafe,Food and Drinks
172306183,51.5179015,-0.1067951,cafe,Food and Drinks
203526622,51.5208688,-0.0977289,cafe,Food and Drinks
203530058,51.5201123,-0.0976701,cafe,Food and Drinks
204000364,51.5160357,-0.0765136,cafe,Food and Drinks
220255008,51.5142995,-0.1051095,cafe,Food and Drinks
220272363,51.5143133,-0.1089138,cafe,Food and Drinks
220272371,51.51433,-0.1076351,cafe,Food and Drinks
220287034,51.5140559,-0.1054395,cafe,Food and Drinks
220287059,51.5140483,-0.1051392,cafe,Food and Drinks
282080354,51.5135807,-0.0790971,cafe,Food and Drinks
284966105,51.5143437,-0.0811936,cafe,Food and Drinks
301944674,51.5126822,-0.0880758,cafe,Food and Drinks
315451179,51.5152423,-0.0787571,cafe,Food and Drinks
320406745,51.5139373,-0.0956744,cafe,Food and Drinks
320425976,51.5133981,-0.0954677,cafe,Food and Drinks
326054182,51.5173896,-0.0800033,cafe,Food and Drinks
330474860,51.5121584,-0.0833828,cafe,Food and Drinks
377488594,51.5179295,-0.0820135,cafe,Food and Drinks
377488598,51.5178534,-0.0816023,cafe,Food and Drinks
377956242,51.5174224,-0.0808071,cafe,Food and Drinks
397057751,51.5185341,-0.082508,cafe,Food and Drinks
397057753,51.5183645,-0.0826776,cafe,Food and Drinks
405405091,51.5168306,-0.1044763,cafe,Food and Drinks
405405094,51.5162521,-0.1025173,cafe,Food and Drinks
421365974,51.5179915,-0.1113779,cafe,Food and Drinks
421386547,51.5179515,-0.111694,cafe,Food and Drinks
421386551,51.5181069,-0.1130294,cafe,Food and Drinks
424600551,51.5148169,-0.0975521,cafe,Food and Drinks
424600552,51.5148618,-0.0975541,cafe,Food and Drinks
440123087,51.5132539,-0.101281,cafe,Food and Drinks
440257455,51.5129699,-0.1012815,cafe,Food and Drinks
440257462,51.5130901,-0.1012089,cafe,Food and Drinks
468181418,51.512249,-0.1014995,cafe,Food and Drinks
468562272,51.5133192,-0.101599,cafe,Food and Drinks
470093580,51.5134366,-0.1025986,cafe,Food and Drinks
471648122,51.5130843,-0.104486,cafe,Food and Drinks
326803305,51.5143666,-0.0847299,clinic,Health
26183027,51.515462,-0.1017694,courthouse,Government
159751198,51.5152506,-0.0914362,courthouse,Government
172306184,51.5170173,-0.1066919,courthouse,Government
367647345,51.513023,-0.0901278,courthouse,Government
156197589,51.5181303,-0.0934973,dentist,Health
159925739,51.5133659,-0.0936041,dentist,Health
220275748,51.5140606,-0.1085757,dentist,Health
430425941,51.5197079,-0.0983858,dentist,Health
439420454,51.5157564,-0.0993134,dentist,Health
160093297,51.5142184,-0.0938979,doctors,Health
249486870,51.5177298,-0.0888965,doctors,Health
372474647,51.5134135,-0.1081685,embassy,Government
62066926,51.5215776,-0.0975536,fast_food,Food and Drinks
146986832,51.5191263,-0.1001099,fast_food,Food and Drinks
154411137,51.5170332,-0.0883595,fast_food,Food and Drinks
155419707,51.5123351,-0.0930165,fast_food,Food and Drinks
155419710,51.512062,-0.0938949,fast_food,Food and Drinks
155419720,51.5125792,-0.0934314,fast_food,Food and Drinks
155421450,51.5118949,-0.0922399,fast_food,Food and Drinks
155421457,51.5116961,-0.0913502,fast_food,Food and Drinks
155428068,51.5112329,-0.0890968,fast_food,Food and Drinks
155428070,51.510603,-0.0855627,fast_food,Food and Drinks
155428075,51.5123502,-0.0845538,fast_food,Food and Drinks
155428113,51.5109064,-0.0871345,fast_food,Food and Drinks
155430503,51.5126094,-0.0843743,fast_food,Food and Drinks
155430506,51.5133239,-0.083498,fast_food,Food and Drinks
156731595,51.5123966,-0.079588,fast_food,Food and Drinks
156734416,51.5136803,-0.0790554,fast_food,Food and Drinks
156778762,51.5157724,-0.0785666,fast_food,Food and Drinks
159922578,51.5130257,-0.0943534,fast_food,Food and Drinks
159922610,51.5130899,-0.093872,fast_food,Food and Drinks
159924463,51.5130957,-0.0934627,fast_food,Food and Drinks
159925747,51.5135904,-0.0932721,fast_food,Food and Drinks
160093288,51.5142386,-0.0940142,fast_food,Food and Drinks
160157566,51.5169388,-0.0851679,fast_food,Food and Drinks
161710612,51.519728,-0.0989115,fast_food,Food and Drinks
163644450,51.5182048,-0.0791151,fast_food,Food and Drinks
163644462,51.5177199,-0.0785674,fast_food,Food and Drinks
203526620,51.5216217,-0.0975516,fast_food,Food and Drinks
204000367,51.5162114,-0.0770534,fast_food,Food and Drinks
220255005,51.5142982,-0.1050241,fast_food,Food and Drinks
220259154,51.5143316,-0.1069835,fast_food,Food and Drinks
220259157,51.5143303,-0.1062256,fast_food,Food and Drinks
220259162,51.5143312,-0.1070718,fast_food,Food and Drinks
220272368,51.5143346,-0.1078221,fast_food,Food and Drinks
220272373,51.5142857,-0.1091377,fast_food,Food and Drinks
220272374,51.5142874,-0.1092965,fast_food,Food and Drinks
220287069,51.5140233,-0.1046968,fast_food,Food and Drinks
220287073,51.514079,-0.1047706,fast_food,Food and Drinks
274708124,51.5132739,-0.0852332,fast_food,Food and Drinks
328937236,51.5180108,-0.0780035,fast_food,Food and Drinks
377488596,51.5179685,-0.0822015,fast_food,Food and Drinks
377488603,51.5180541,-0.0811521,fast_food,Food and Drinks
377488670,51.517769,-0.081242,fast_food,Food and Drinks
377488673,51.5178674,-0.0817157,fast_food,Food and Drinks
377488674,51.5178278,-0.0815217,fast_food,Food and Drinks
377488677,51.5178802,-0.0817769,fast_food,Food and Drinks
377956238,51.517505,-0.0812103,fast_food,Food and Drinks
377956241,51.5175658,-0.0822273,fast_food,Food and Drinks
405405092,51.5168112,-0.1043847,fast_food,Food and Drinks
421365986,51.5178952,-0.1107584,fast_food,Food and Drinks
428976071,51.5179232,-0.0819826,fast_food,Food and Drinks
440257453,51.5129293,-0.101306,fast_food,Food and Drinks
468562269,51.5132826,-0.1014904,fast_food,Food and Drinks
468562270,51.5133011,-0.1015464,fast_food,Food and Drinks
470093579,51.5134974,-0.1025775,fast_food,Food and Drinks
478877358,51.5137759,-0.1045432,fast_food,Food and Drinks
237519510,51.5101915,-0.0836541,grave_yard,Other
170732745,51.5176252,-0.0997753,hospital,Health
147495180,51.5182175,-0.1019194,kindergarten,Education
60393508,51.5130148,-0.1094984,library,Education
170205762,51.5173002,-0.1010866,library,Education
288278168,51.515588,-0.0767499,library,Education
155428087,51.5105916,-0.0854819,locksmith,Services
143113935,51.5126744,-0.08357,marketplace,Shopping
60856565,51.5126047,-0.109008,parking,Transportation
65086093,51.5105001,-0.0756575,parking,Transportation
107278851,51.5121029,-0.07496,parking,Transportation
107278859,51.5123469,-0.0743635,parking,Transportation
107279580,51.5118939,-0.0737809,parking,Transportation
107756300,51.5137187,-0.0742376,parking,Transportation
114082278,51.5155787,-0.0850316,parking,Transportation
128459715,51.5128949,-0.111702,parking,Transportation
172306219,51.5171009,-0.1066241,parking,Transportation
172357798,51.517804,-0.1132057,parking,Transportation
193099594,51.522141,-0.0957172,parking,Transportation
230188925,51.5125312,-0.0930016,parking,Transportation
370180764,51.5172704,-0.0928937,parking,Transportation
412951755,51.5168616,-0.1008042,parking,Transportation
419452549,51.5179378,-0.0942025,parking,Transportation
445073519,51.5103792,-0.0734136,parking,Transportation
468412296,51.5137165,-0.0781586,parking,Transportation
155428064,51.5106588,-0.0863171,pharmacy,Shopping
155428066,51.5116408,-0.0849941,pharmacy,Shopping
155906191,51.5134812,-0.0764626,pharmacy,Shopping
160093284,51.5141062,-0.0932632,pharmacy,Shopping
220255004,51.5143527,-0.1054474,pharmacy,Shopping
320418312,51.5135961,-0.0961549,pharmacy,Shopping
366371382,51.5162894,-0.0818529,pharmacy,Shopping
369553300,51.518207,-0.0829488,pharmacy,Shopping
476024044,51.5186495,-0.0882903,pharmacy,Shopping
4076420,51.5137865,-0.1054708,place_of_worship,Other
30610281,51.5172647,-0.1066078,place_of_worship,Other
31755869,51.5166722,-0.102233,place_of_worship,Other
31755876,51.5188923,-0.0994083,place_of_worship,Other
34038668,51.5186868,-0.0938519,place_of_worship,Other
59213570,51.5092995,-0.0792593,place_of_worship,Other
59541201,51.510054,-0.0837172,place_of_worship,Other
85478889,51.5154557,-0.0855866,place_of_worship,Other
89678816,51.516672,-0.0816095,place_of_worship,Other
90244113,51.5136911,-0.0935572,place_of_worship,Other
99275231,51.5142083,-0.1101871,place_of_worship,Other
104053780,51.5125649,-0.0898399,place_of_worship,Other
107643576,51.5140771,-0.1019408,place_of_worship,Other
107740117,51.5140217,-0.0763496,place_of_worship,Other
111354104,51.5121049,-0.0968484,place_of_worship,Other
126469807,51.5152273,-0.092425,place_of_worship,Other
126480311,51.5115627,-0.0804428,place_of_worship,Other
128454313,51.513243,-0.1102176,place_of_worship,Other
141329939,51.5108024,-0.0829471,place_of_worship,Other
142196708,51.5108497,-0.0794681,place_of_worship,Other
143405862,51.5113329,-0.0867631,place_of_worship,Other
143415212,51.5092717,-0.0861755,place_of_worship,Other
143417434,51.5111109,-0.0936669,place_of_worship,Other
145692496,51.5133844,-0.0790132,place_of_worship,Other
150335045,51.5137137,-0.0810722,place_of_worship,Other
154381336,51.5116912,-0.0992234,place_of_worship,Other
154411113,51.5165782,-0.0842799,place_of_worship,Other
155419713,51.51272,-0.0932665,place_of_worship,Other
160163212,51.5188469,-0.0856575,place_of_worship,Other
160628262,51.5111945,-0.0920868,place_of_worship,Other
166431057,51.5154895,-0.081968,place_of_worship,Other
166436974,51.5131736,-0.0854215,place_of_worship,Other
166437171,51.5124436,-0.0862476,place_of_worship,Other
166437431,51.5132018,-0.0845627,place_of_worship,Other
170205759,51.5164778,-0.0962844,place_of_worship,Other
170205774,51.516977,-0.0972532,place_of_worship,Other
170503719,51.5178683,-0.1006436,place_of_worship,Other
172180196,51.5172041,-0.1060739,place_of_worship,Other
189899147,51.5123839,-0.1012605,place_of_worship,Other
192909235,51.5216576,-0.0952116,place_of_worship,Other
220646285,51.5148323,-0.088775,place_of_worship,Other
225077614,51.5144916,-0.0789369,place_of_worship,Other
356857428,51.5148657,-0.0961309,place_of_worship,Other
369161987,51.5137849,-0.0984365,place_of_worship,Other
384032820,51.5127742,-0.0880401,place_of_worship,Other
464861227,51.5117101,-0.0882945,place_of_worship,Other
89970677,51.5174559,-0.0794395,police,Government
98979970,51.5170576,-0.1028074,police,Government
156720883,51.510537,-0.0845509,post_office,Services
288278167,51.5154994,-0.0771816,post_office,Services
60186067,51.5143311,-0.1071766,pub,Food and Drinks
60890308,51.5140511,-0.1051921,pub,Food and Drinks
60890329,51.5136958,-0.1071725,pub,Food and Drinks
77739560,51.5084205,-0.1048024,pub,Food and Drinks
89968893,51.5170743,-0.0789938,pub,Food and Drinks
89970679,51.5178322,-0.0787624,pub,Food and Drinks
100835971,51.5184707,-0.1019197,pub,Food and Drinks
101291721,51.5181804,-0.0895701,pub,Food and Drinks
141393953,51.5111875,-0.0788842,pub,Food and Drinks
142680573,51.5108603,-0.0799282,pub,Food and Drinks
146986819,51.5189334,-0.1006194,pub,Food and Drinks
146986827,51.5187908,-0.1004541,pub,Food and Drinks
146989400,51.5194641,-0.0991571,pub,Food and Drinks
147191437,51.5165171,-0.0966981,pub,Food and Drinks
148677469,51.5129576,-0.1067449,pub,Food and Drinks
155428083,51.5109602,-0.089418,pub,Food and Drinks
155428084,51.5121925,-0.0845122,pub,Food and Drinks
156734417,51.5136428,-0.0785434,pub,Food and Drinks
159751191,51.5156361,-0.0902951,pub,Food and Drinks
159922613,51.5129484,-0.0939607,pub,Food and Drinks
159922620,51.5128816,-0.0935501,pub,Food and Drinks
159925752,51.5132772,-0.0941373,pub,Food and Drinks
160096670,51.5152573,-0.0892782,pub,Food and Drinks
160138936,51.5176605,-0.088728,pub,Food and Drinks
160163216,51.5188007,-0.086027,pub,Food and Drinks
160279486,51.5208709,-0.0921692,pub,Food and Drinks
161420190,51.5137663,-0.1105051,pub,Food and Drinks
161710621,51.5183278,-0.1025256,pub,Food and Drinks
163644470,51.5182315,-0.0792991,pub,Food and Drinks
165589488,51.5127073,-0.1014982,pub,Food and Drinks
166320158,51.5121525,-0.1036614,pub,Food and Drinks
169291627,51.5124578,-0.0753658,pub,Food and Drinks
170525606,51.5162459,-0.1017174,pub,Food and Drinks
172306189,51.5170464,-0.1053263,pub,Food and Drinks
203526627,51.5217413,-0.0969965,pub,Food and Drinks
220287079,51.5139854,-0.1048774,pub,Food and Drinks
220287081,51.5140724,-0.1076115,pub,Food and Drinks
231202433,51.512326,-0.0792112,pub,Food and Drinks
274708128,51.5131751,-0.0850715,pub,Food and Drinks
325208608,51.5124717,-0.1015216,pub,Food and Drinks
326328749,51.5122623,-0.0831027,pub,Food and Drinks
328937237,51.5180104,-0.0778101,pub,Food and Drinks
421365988,51.5177656,-0.1100614,pub,Food and Drinks
430448024,51.5193253,-0.0987778,pub,Food and Drinks
430451203,51.5191104,-0.099853,pub,Food and Drinks
434682403,51.5177986,-0.0828539,pub,Food and Drinks
439335533,51.5170645,-0.0983714,pub,Food and Drinks
440123089,51.5131427,-0.1014306,pub,Food and Drinks
440257457,51.5133848,-0.1012452,pub,Food and Drinks
97176335,51.5207354,-0.0977403,restaurant,Food and Drinks
99430319,51.5194193,-0.0841066,restaurant,Food and Drinks
100835951,51.5183277,-0.101982,restaurant,Food and Drinks
142188433,51.5102182,-0.0838534,restaurant,Food and Drinks
143407591,51.5117683,-0.0888538,restaurant,Food and Drinks
146986823,51.5192303,-0.0997893,restaurant,Food and Drinks
146986825,51.5189554,-0.1003985,restaurant,Food and Drinks
146986836,51.5192559,-0.0996512,restaurant,Food and Drinks
146986838,51.5190263,-0.1003209,restaurant,Food and Drinks
154405885,51.5150405,-0.0785048,restaurant,Food and Drinks
155428074,51.5112568,-0.0892169,restaurant,Food and Drinks
156720866,51.5095603,-0.0809277,restaurant,Food and Drinks
156720875,51.5096815,-0.0812647,restaurant,Food and Drinks
156734414,51.513482,-0.0791294,restaurant,Food and Drinks
159924461,51.5129384,-0.093759,restaurant,Food and Drinks
159925740,51.5134438,-0.0936052,restaurant,Food and Drinks
160140547,51.5171592,-0.0870636,restaurant,Food and Drinks
160140563,51.5172278,-0.0874644,restaurant,Food and Drinks
160157568,51.5168192,-0.0852894,restaurant,Food and Drinks
160279478,51.5207336,-0.0908902,restaurant,Food and Drinks
161420220,51.5139555,-0.109581,restaurant,Food and Drinks
161710609,51.5195233,-0.0989808,restaurant,Food and Drinks
161710611,51.5183633,-0.1023225,restaurant,Food and Drinks
161710616,51.5179433,-0.1031567,restaurant,Food and Drinks
163644455,51.5182166,-0.0788043,restaurant,Food and Drinks
166514748,51.5149871,-0.0839842,restaurant,Food and Drinks
168325254,51.5125197,-0.0759452,restaurant,Food and Drinks
172293298,51.5177034,-0.1054812,restaurant,Food and Drinks
172307737,51.5181119,-0.1056031,restaurant,Food and Drinks
220255006,51.5142456,-0.1040699,restaurant,Food and Drinks
220255012,51.5143331,-0.105145,restaurant,Food and Drinks
220275742,51.5140333,-0.1092241,restaurant,Food and Drinks
220287085,51.5140764,-0.1072499,restaurant,Food and Drinks
240324357,51.5187092,-0.0968765,restaurant,Food and Drinks
320406742,51.5140478,-0.0955967,restaurant,Food and Drinks
320416937,51.5135989,-0.0959908,restaurant,Food and Drinks
320416938,51.5137601,-0.0958466,restaurant,Food and Drinks
320418309,51.5137716,-0.0961772,restaurant,Food and Drinks
320425978,51.5133342,-0.0950223,restaurant,Food and Drinks
320427274,51.5133755,-0.0952446,restaurant,Food and Drinks
320427275,51.5135803,-0.0953905,restaurant,Food and Drinks
320427276,51.5137147,-0.0952798,restaurant,Food and Drinks
320427277,51.5137439,-0.0950158,restaurant,Food and Drinks
320434031,51.5139003,-0.0948689,restaurant,Food and Drinks
320434032,51.5140715,-0.0949699,restaurant,Food and Drinks
320434034,51.5140239,-0.0953197,restaurant,Food and Drinks
320434035,51.5140141,-0.0952256,restaurant,Food and Drinks
369842750,51.5179648,-0.0782059,restaurant,Food and Drinks
377488602,51.5185407,-0.0821841,restaurant,Food and Drinks
377488675,51.517809,-0.0813898,restaurant,Food and Drinks
405405095,51.5166756,-0.103946,restaurant,Food and Drinks
421365983,51.5177427,-0.109916,restaurant,Food and Drinks
430451200,51.5188716,-0.1001497,restaurant,Food and Drinks
434681394,51.5182249,-0.0824157,restaurant,Food and Drinks
440123088,51.5135521,-0.1012032,restaurant,Food and Drinks
440257463,51.5132931,-0.1013767,restaurant,Food and Drinks
468562254,51.5134433,-0.1021389,restaurant,Food and Drinks
468562264,51.5134446,-0.1018508,restaurant,Food and Drinks
468562279,51.5129389,-0.1015288,restaurant,Food and Drinks
470852327,51.5129296,-0.1034005,restaurant,Food and Drinks
471648126,51.5134311,-0.1045321,restaurant,Food and Drinks
474370168,51.5161504,-0.1065493,restaurant,Food and Drinks
478876697,51.5137912,-0.1046859,restaurant,Food and Drinks
34038669,51.5191439,-0.0944929,school,Education
116465152,51.5137127,-0.0775114,school,Education
154381335,51.5113314,-0.0995638,school,Education
167261996,51.5231874,-0.0958956,school,Education
186577763,51.5203465,-0.0988335,school,Education
316802166,51.5137319,-0.0967743,school,Education
304789402,51.5178885,-0.0868101,shelter,Services
405576232,51.5169408,-0.1041187,shelter,Services
442428181,51.5187308,-0.0879262,shelter,Services
442428823,51.5118851,-0.0970954,shelter,Services
456673566,51.5103879,-0.0868259,shelter,Services
456674541,51.5096644,-0.0805466,shelter,Services
456752254,51.5133731,-0.077173,shelter,Services
456768095,51.5188794,-0.0865403,shelter,Services
456768563,51.5189075,-0.0970959,shelter,Services
456787733,51.5141759,-0.1056478,shelter,Services
456796605,51.5140894,-0.1028672,shelter,Services
34038687,51.5198152,-0.0939419,theatre,Entertainment
107643531,51.5134159,-0.1050488,theatre,Entertainment
365651246,51.511807,-0.1019415,theatre,Entertainment
108898602,51.5194817,-0.0924598,university,Education
174793675,51.5151577,-0.110425,university,Education
239592653,51.5176919,-0.0984844,university,Education
147495182,51.518068,-0.1018704,alcohol,Shopping
155430497,51.5133151,-0.0836855,bag,Shopping
142983954,51.5108259,-0.0847963,bakery,Shopping
36918240,51.5154748,-0.0785857,bookmaker,Shopping
146986824,51.5193299,-0.0994609,bookmaker,Shopping
155421461,51.5116804,-0.0912832,bookmaker,Shopping
155428069,51.511038,-0.0893535,bookmaker,Shopping
156720855,51.5096374,-0.0811424,bookmaker,Shopping
156731576,51.5129039,-0.0784361,bookmaker,Shopping
159922580,51.5131509,-0.0939581,bookmaker,Shopping
159922606,51.5130465,-0.0937667,butcher,Shopping
155428091,51.5115987,-0.0909657,clothes,Shopping
155430499,51.5124402,-0.0843953,clothes,Shopping
156720839,51.5102661,-0.0827888,clothes,Shopping
159924464,51.5132088,-0.0934637,clothes,Shopping
159924466,51.5132575,-0.0934338,clothes,Shopping
155421455,51.5116625,-0.0912088,convenience,Shopping
143405870,51.5110905,-0.0864806,department_store,Shopping
146986828,51.5190863,-0.1002229,dry_cleaning,Services
60890325,51.5126502,-0.1067474,hairdresser,Services
146989369,51.5193991,-0.0993303,hairdresser,Services
155421456,51.5116629,-0.0910011,hairdresser,Services
156778753,51.5153522,-0.0784235,hairdresser,Services
159922585,51.5130152,-0.0942787,hairdresser,Services
159922602,51.5128023,-0.0935387,hairdresser,Services
159924467,51.5131429,-0.0934778,hairdresser,Services
159924471,51.5131429,-0.0934778,hairdresser,Services
155430502,51.5125372,-0.0843736,hardware,Shopping
155430496,51.5127313,-0.0842844,healthfood,Shopping
159925744,51.5132035,-0.0937065,jewellery,Shopping
60890322,51.5140584,-0.1055392,mobile_phone,Services
155421465,51.5118633,-0.0918734,mobile_phone,Services
156167670,51.5140062,-0.0927333,mobile_phone,Services
154411119,51.5170988,-0.0884565,optician,Health
156167656,51.514037,-0.0929037,optician,Health
155428079,51.5104784,-0.0864778,outdoor,Shopping
156167671,51.5140834,-0.0931318,perfume,Shopping
159922592,51.5130293,-0.0934584,shoes,Shopping
159922601,51.5131057,-0.0937219,shoes,Shopping
159925746,51.5134081,-0.0933581,shoes,Shopping
159925756,51.5133131,-0.093632,stationery,Shopping
29390379,51.5122618,-0.1046417,hotel,Services
30806422,51.5173757,-0.081576,hotel,Services
32455185,51.5107326,-0.0764683,hotel,Services
43706245,51.5149096,-0.1081642,museum,Entertainment
82677869,51.5155995,-0.077336,hotel,Services
118722497,51.5132428,-0.1010222,hotel,Services
141393955,51.5109487,-0.0783423,hotel,Services
143426675,51.5127677,-0.0758632,hotel,Services
156172966,51.5155184,-0.0914123,museum,Entertainment
159646583,51.5136965,-0.0900747,hotel,Services
160140566,51.516,-0.088183,hotel,Services
161288702,51.5109748,-0.0892392,hotel,Services
161420186,51.5137253,-0.1109253,museum,Entertainment
161420212,51.5135946,-0.1103049,hotel,Services
168325260,51.5126698,-0.0752245,hotel,Services
172664019,51.5126807,-0.0997202,hotel,Services
225107436,51.5110227,-0.0735352,hotel,Services
274709746,51.5139532,-0.0853631,hotel,Services
435775218,51.5105757,-0.0773292,hotel,Services
4270739,51.5194993,-0.0956175,park,Other
4270744,51.5213423,-0.0962222,park,Other
4969746,51.5118455,-0.1095724,garden,Other
23105395,51.5178132,-0.0864543,park,Other
23992321,51.5184149,-0.1011278,park,Other
27919354,51.5177371,-0.0860082,garden,Other
29089421,51.5117977,-0.0953741,garden,Other
29089423,51.5130712,-0.0960123,garden,Other
29206501,51.5161801,-0.1098396,garden,Other
30313502,51.517422,-0.1070642,park,Other
30610284,51.5178465,-0.1070182,park,Other
34038680,51.5192243,-0.0917277,park,Other
34038686,51.5205095,-0.0953279,garden,Other
40498332,51.5131786,-0.1023972,park,Other
49775883,51.5175276,-0.0890339,park,Other
49780449,51.5130026,-0.0981341,park,Other
55421655,51.5099314,-0.0755602,park,Other
60206800,51.5134207,-0.099007,garden,Other
74156797,51.5134839,-0.1063144,park,Other
90784595,51.5136665,-0.097544,garden,Other
111348808,51.5112338,-0.1051038,garden,Other
111354106,51.5129836,-0.0978299,garden,Other
115675615,51.5155331,-0.0864728,park,Other
116405293,51.5160961,-0.0956316,park,Other
116405294,51.5163833,-0.0961138,park,Other
128200292,51.5117666,-0.1113238,garden,Other
128459713,51.5126444,-0.1106552,garden,Other
141671238,51.5121625,-0.0816559,garden,Other
156190533,51.5180629,-0.095004,garden,Other
156197590,51.5179568,-0.0925788,garden,Other
156197606,51.5180314,-0.0924781,garden,Other
161289922,51.5101155,-0.0887538,garden,Other
161358094,51.5120754,-0.0945704,garden,Other
161791790,51.510727,-0.0875535,garden,Other
164202180,51.5164288,-0.0931077,park,Other
164931473,51.5095922,-0.0893042,garden,Other
164931474,51.509422,-0.0893637,garden,Other
164931481,51.5090869,-0.0894926,park,Other
164931482,51.5092375,-0.0894369,garden,Other
167304112,51.5151787,-0.0832547,garden,Other
170205758,51.5168121,-0.0977372,park,Other
180558309,51.510267,-0.0790442,park,Other
192818348,51.5225406,-0.0964825,sports_centre,health
192909236,51.5228018,-0.0968842,park,Other
195546712,51.5226898,-0.0956146,park,Other
201846172,51.5175132,-0.096893,garden,Other
204000389,51.515942,-0.0769826,playground,Entertainment
218597792,51.5088044,-0.0864456,garden,Other
237519508,51.5096503,-0.0824668,park,Other
240129730,51.5158646,-0.0997373,garden,Other
240129732,,,garden,Other
247645538,,,garden,Other
256568923,,,garden,Other
256568924,,,garden,Other
256571942,,,garden,Other
256571943,,,garden,Other
274708132,,,garden,Other
274708812,,,garden,Other
287891926,,,garden,Other
288626825,,,garden,Other
289895503,,,garden,Other
293352948,,,garden,Other
295363861,,,garden,Other
295364619,,,garden,Other
295366497,,,garden,Other
302578481,,,garden,Other
303024673,,,garden,Other
309375490,,,garden,Other
312768996,,,garden,Other
312768998,,,garden,Other
315898003,,,garden,Other
315898004,,,garden,Other
317679674,,,garden,Other
317679677,,,garden,Other
317679679,,,garden,Other
317679681,,,garden,Other
318390944,,,sports_centre,Health
320247370,,,garden,Other
326053616,,,garden,Other
327242732,,,garden,Other
333576081,,,garden,Other
356671948,,,sports_centre,Health
357203210,,,garden,Other
357203755,,,garden,Other
366444255,,,garden,Other
376553754,,,garden,Other
419452548,,,garden,Other
419452550,,,garden,Other
419696196,,,garden,Other
424725976,,,garden,Other
442587480,,,garden,Other
444741871,,,garden,Other
444741872,,,garden,Other
444741873,,,garden,Other
457771757,,,garden,Other
468562259,,,garden,Other
470093550,,,garden,Other
485034272,,,garden,Other
490033582,,,garden,Other
490033584,,,garden,Other
490033585,,,garden,Other
