,Clusters,Polygon
0,0,"[(0.139546, 51.351730700000005), (0.1303335, 51.3571351), (0.12378779999999999, 51.35537), (0.10866019999999998, 51.35613789999999), (0.09398510000000002, 51.350973700000004), (0.08824080000000001, 51.3489481), (0.07222089999999999, 51.3471954), (0.06607880000000001, 51.343191100000006), (0.057820800000000006, 51.3375361), (0.055743499999999994, 51.334819), (0.05352180000000001, 51.331323700000006), (0.057245000000000004, 51.315447600000006), (0.0580314, 51.3102519), (0.0526486, 51.301826299999995), (0.052594100000000005, 51.31085529999999), (0.0406037, 51.307675200000006), (0.0321466, 51.3070169), (0.024500099999999997, 51.3156391), (0.0311909, 51.3192081), (0.0444883, 51.3164201), (0.051374500000000003, 51.3219122), (0.045171499999999996, 51.3319155), (0.0536655, 51.3369321), (0.056711300000000006, 51.337434), (0.0578425, 51.3592195), (0.05184400000000001, 51.364312899999994), (0.049875300000000004, 51.36538710000001), (0.050020499999999996, 51.3656618), (0.05604730000000001, 51.368056200000005), (0.0689417, 51.368587899999994), (0.0773305, 51.3671102), (0.09123400000000001, 51.3666128), (0.09534630000000001, 51.366823100000005), (0.10388130000000001, 51.367739), (0.114381, 51.3670943), (0.12658930000000002, 51.3586706), (0.1321648, 51.3583809), (0.13673110000000002, 51.358596899999995), (0.13960350000000002, 51.352025), (0.139546, 51.351730700000005)]"
1,1,"[(-0.0443433, 51.4097257), (-0.050594099999999996, 51.4081107), (-0.0519793, 51.4078425), (-0.0684206, 51.404846299999996), (-0.090036, 51.4031339), (-0.0918101, 51.411545700000005), (-0.1006534, 51.4140742), (-0.1069805, 51.415550399999994), (-0.11442449999999998, 51.419002500000005), (-0.11044460000000002, 51.42349), (-0.10651300000000001, 51.4249674), (-0.096458, 51.434449799999996), (-0.0947796, 51.4374939), (-0.0909187, 51.443127399999995), (-0.08943999999999999, 51.4432901), (-0.088876, 51.443152600000005), (-0.08229299999999999, 51.4412574), (-0.07396169999999999, 51.438903700000004), (-0.0632918, 51.4226127), (-0.0499228, 51.4208571), (-0.046288800000000005, 51.420817), (-0.039149699999999996, 51.4182844), (-0.035536, 51.415899200000005), (-0.0443433, 51.4097257)]"
2,2,"[(-0.448596, 51.469007399999995), (-0.45114449999999995, 51.4689781), (-0.4581187, 51.469681200000004), (-0.47284160000000003, 51.4683385), (-0.4882513, 51.470139), (-0.4885268, 51.4702197), (-0.4920291, 51.4728292), (-0.49298220000000004, 51.475137100000005), (-0.48693869999999995, 51.473308), (-0.47610979999999997, 51.4716869), (-0.4701951, 51.471266799999995), (-0.4544746, 51.4724667), (-0.4499681, 51.473079299999995), (-0.4432852, 51.4710407), (-0.4429419, 51.4706965), (-0.4432852, 51.4704526), (-0.4482848, 51.469064200000005), (-0.448596, 51.469007399999995)]"
3,3,"[(-0.0933225, 51.6409273), (-0.095839, 51.6406372), (-0.10095069999999999, 51.6433023), (-0.11475, 51.643091), (-0.12367719999999999, 51.6317727), (-0.1205396, 51.6225612), (-0.127997, 51.6246445), (-0.135892, 51.6301155), (-0.135465, 51.6336843), (-0.1315269, 51.644110299999994), (-0.14110250000000002, 51.653076), (-0.1413699, 51.6607989), (-0.1352243, 51.666416), (-0.11976500000000001, 51.667193100000006), (-0.1122142, 51.667434), (-0.10537650000000001, 51.66803170000001), (-0.0954984, 51.6741494), (-0.08538380000000001, 51.674975399999994), (-0.0828098, 51.6725465), (-0.0766602, 51.6654909), (-0.0748604, 51.661186799999996), (-0.0743052, 51.6523272), (-0.07842619999999999, 51.641738399999994), (-0.0933225, 51.6409273)]"
4,4,"[(-0.2108913, 51.353247100000004), (-0.2212, 51.3507849), (-0.22490589999999996, 51.3544203), (-0.22353589999999998, 51.3623196), (-0.23209929999999998, 51.3728734), (-0.24106620000000004, 51.372120200000005), (-0.247054, 51.3815652), (-0.2540103, 51.38467), (-0.251535, 51.387779200000004), (-0.24337870000000003, 51.3821255), (-0.2415094, 51.3808059), (-0.2370808, 51.3769104), (-0.2223723, 51.3757895), (-0.2079241, 51.3782304), (-0.2044567, 51.37517570000001), (-0.20367739999999998, 51.372681899999996), (-0.2044008, 51.36626879999999), (-0.2074197, 51.359454), (-0.2108913, 51.353247100000004)]"
5,5,"[(-0.0858358, 51.32590870000001), (-0.0995706, 51.3220615), (-0.11265730000000002, 51.3246468), (-0.1188866, 51.326541399999996), (-0.1215901, 51.327717), (-0.12467160000000001, 51.3336492), (-0.13446229999999998, 51.345161499999996), (-0.1374412, 51.3466683), (-0.1260291, 51.3469658), (-0.12010239999999998, 51.3441365), (-0.1079971, 51.348246), (-0.0996745, 51.352779999999996), (-0.0978043, 51.352964), (-0.0962945, 51.352983), (-0.08571820000000001, 51.346093700000004), (-0.0813965, 51.345453000000006), (-0.0850666, 51.340573299999996), (-0.09066410000000001, 51.3302826), (-0.0858358, 51.32590870000001)]"
6,6,"[(-0.0640576, 51.3192599), (-0.0745289, 51.3277968), (-0.0779529, 51.3309316), (-0.0789039, 51.3324931), (-0.0783252, 51.3336347), (-0.0756575, 51.336654100000004), (-0.06705139999999998, 51.345603100000005), (-0.063838, 51.348327600000005), (-0.0590891, 51.3503415), (-0.050762699999999994, 51.3512567), (-0.0483657, 51.3521071), (-0.0409615, 51.3557241), (-0.0338251, 51.364496200000005), (-0.0345856, 51.373226700000004), (-0.0403118, 51.3789594), (-0.040176199999999995, 51.3831762), (-0.0396579, 51.3837223), (-0.0386169, 51.3843267), (-0.033924199999999995, 51.383261600000004), (-0.0199758, 51.3827835), (-0.0101774, 51.3847698), (0.005138800000000001, 51.386863299999995), (0.0105917, 51.3834571), (0.0074807, 51.3699377), (-0.0008577999999999999, 51.36740770000001), (-0.0044782, 51.364814200000005), (-0.0131148, 51.3499016), (-0.005433299999999999, 51.34425220000001), (-0.0026628, 51.3317342), (-0.0086616, 51.3371957), (-0.020430900000000002, 51.3375246), (-0.0640576, 51.3192599)]"
7,7,"[(0.1209134, 51.3735847), (0.1181856, 51.3702289), (0.11387449999999999, 51.3743439), (0.1015662, 51.3753586), (0.09803660000000002, 51.3734241), (0.0928723, 51.3717527), (0.09084099999999999, 51.371830700000004), (0.0822596, 51.3727328), (0.0893686, 51.3788097), (0.0943385, 51.384946), (0.10438620000000001, 51.3981122), (0.10326030000000001, 51.4045695), (0.10336880000000001, 51.4100725), (0.0984261, 51.420939700000005), (0.09477239999999999, 51.425199), (0.0843239, 51.4274859), (0.07682869999999999, 51.4298292), (0.08311289999999999, 51.430677100000004), (0.09046069999999999, 51.4311802), (0.1018904, 51.4290439), (0.1180606, 51.4276941), (0.1217407, 51.4213233), (0.132385, 51.4205784), (0.13700820000000002, 51.4130191), (0.1339027, 51.4115597), (0.1242021, 51.408424700000005), (0.1211692, 51.3972023), (0.12754780000000002, 51.388013799999996), (0.1209134, 51.3735847)]"
8,8,"[(-0.4561375, 51.4887505), (-0.46978220000000004, 51.492517), (-0.4744858, 51.4984941), (-0.4779433, 51.50482279999999), (-0.4772049, 51.514955799999996), (-0.48336309999999993, 51.519243200000005), (-0.49084570000000005, 51.5186167), (-0.48924309999999993, 51.522505200000005), (-0.4855773, 51.529717100000006), (-0.4944035, 51.5388085), (-0.48586190000000007, 51.549635200000004), (-0.4846618, 51.5508492), (-0.4844448, 51.5509636), (-0.4721608, 51.5532875), (-0.46639830000000004, 51.5533785), (-0.46092429999999995, 51.543062400000004), (-0.4507875, 51.5311612), (-0.4499146, 51.5235078), (-0.4570335, 51.5133623), (-0.45371229999999996, 51.501841), (-0.4461559, 51.4961133), (-0.4561375, 51.4887505)]"
9,9,"[(0.058100099999999995, 51.4436019), (0.0504982, 51.4461421), (0.0386353, 51.4446689), (0.0300108, 51.4499899), (0.027146800000000002, 51.45312929999999), (0.028152499999999997, 51.454526200000004), (0.038138, 51.4629918), (0.0502634, 51.4635828), (0.0620177, 51.4620606), (0.0675533, 51.4590972), (0.078336, 51.459544799999996), (0.1042423, 51.451429100000006), (0.1326215, 51.44552410000001), (0.13814970000000001, 51.445746500000006), (0.1341414, 51.4393064), (0.13926729999999998, 51.4308985), (0.1294846, 51.4304448), (0.1118293, 51.431410299999996), (0.1019674, 51.431442100000005), (0.094945, 51.4345311), (0.09181210000000001, 51.435804700000006), (0.0845705, 51.4457089), (0.0743962, 51.443793299999996), (0.0630182, 51.4430982), (0.058100099999999995, 51.4436019)]"
10,10,"[(0.1407499, 51.4506519), (0.13568, 51.4501923), (0.13241470000000002, 51.4502594), (0.1171917, 51.4550952), (0.11013410000000001, 51.4557758), (0.10716010000000001, 51.4575327), (0.09683760000000001, 51.464008500000006), (0.0919453, 51.466404), (0.09263660000000001, 51.4684911), (0.10306320000000001, 51.4715476), (0.1175905, 51.4750914), (0.1213423, 51.4719325), (0.13478339999999997, 51.4689385), (0.1574564, 51.474380100000005), (0.1659701, 51.4732162), (0.16589179999999998, 51.4727104), (0.1610706, 51.4653223), (0.15866270000000002, 51.4569115), (0.15684720000000002, 51.4540977), (0.1544502, 51.4519692), (0.1407499, 51.4506519)]"
11,11,"[(-0.37512729999999994, 51.4828921), (-0.38418359999999996, 51.48086970000001), (-0.3906257, 51.484373100000006), (-0.3915364, 51.492071), (-0.3978118, 51.497643100000005), (-0.40107750000000003, 51.5069911), (-0.4068114, 51.517098299999994), (-0.40617620000000004, 51.51750620000001), (-0.3958534, 51.515075599999996), (-0.3848594, 51.5144802), (-0.3729223, 51.513502), (-0.3707982, 51.5120168), (-0.36758470000000004, 51.508974), (-0.3659708, 51.4951146), (-0.36871190000000004, 51.4844515), (-0.37512729999999994, 51.4828921)]"
12,12,"[(-0.2862283, 51.509702399999995), (-0.2953188, 51.50709129999999), (-0.30501100000000003, 51.507954), (-0.30965390000000004, 51.5090619), (-0.31519050000000004, 51.5095768), (-0.3257604, 51.5023434), (-0.3241091, 51.496444200000006), (-0.33009320000000003, 51.4937743), (-0.333285, 51.4985051), (-0.3466927, 51.5007546), (-0.3594185, 51.50102929999999), (-0.3654813, 51.50001760000001), (-0.3684458, 51.5000984), (-0.35885890000000004, 51.510315999999996), (-0.34745640000000005, 51.5137989), (-0.3185907, 51.528523299999996), (-0.3122177, 51.537988299999995), (-0.30637420000000004, 51.5434163), (-0.3037922, 51.5448672), (-0.2971565, 51.54705379999999), (-0.2814202, 51.5421994), (-0.2776857, 51.5412726), (-0.27512459999999994, 51.5350634), (-0.2825897, 51.530086299999994), (-0.2836303, 51.521139399999996), (-0.2862283, 51.509702399999995)]"
13,13,"[(-0.3141682, 51.5732527), (-0.3180356, 51.564832200000005), (-0.33364309999999997, 51.5690218), (-0.3400267, 51.5703327), (-0.3588965, 51.5752911), (-0.3652712, 51.5876624), (-0.3662982, 51.5907693), (-0.3656966, 51.5919205), (-0.33813059999999995, 51.5999249), (-0.3362389, 51.599437200000004), (-0.32619440000000005, 51.5940286), (-0.3070869, 51.60055429999999), (-0.3025822, 51.59938629999999), (-0.2941862, 51.5962643), (-0.2974968, 51.5835119), (-0.2999304, 51.582838200000005), (-0.30613759999999995, 51.582155900000004), (-0.3141682, 51.5732527)]"
14,14,"[(-0.3545813, 51.5134549), (-0.36280619999999997, 51.5132831), (-0.3749807, 51.517627399999995), (-0.3799396, 51.516556099999995), (-0.38815279999999996, 51.5199626), (-0.3995597, 51.519498), (-0.40410440000000003, 51.520836100000004), (-0.393206, 51.5264519), (-0.38854970000000005, 51.52655479999999), (-0.37287, 51.5239191), (-0.3584912, 51.5304276), (-0.35601209999999994, 51.535656700000004), (-0.3545939, 51.538678999999995), (-0.3477248, 51.5432557), (-0.3451618, 51.5432302), (-0.34177979999999997, 51.542985200000004), (-0.3334999, 51.5419105), (-0.3192007, 51.536095), (-0.3183959, 51.5346442), (-0.3188847, 51.5338273), (-0.3287406, 51.5233745), (-0.3358893, 51.516062299999994), (-0.33756379999999997, 51.51440170000001), (-0.3545813, 51.5134549)]"
15,15,"[(-0.39534240000000004, 51.530516999999996), (-0.3985278, 51.5276307), (-0.399425, 51.5281448), (-0.40562170000000003, 51.5351957), (-0.4033089, 51.5366112), (-0.3906422, 51.5412064), (-0.3822897, 51.5527533), (-0.3731775, 51.5618016), (-0.3644695, 51.5711626), (-0.35861950000000004, 51.5720946), (-0.3441105, 51.5715291), (-0.3399816, 51.569568700000005), (-0.33779580000000003, 51.5672075), (-0.34746950000000004, 51.557709700000004), (-0.353693, 51.554700200000006), (-0.36000959999999993, 51.5393971), (-0.3610761, 51.535445), (-0.36450770000000005, 51.531490500000004), (-0.3786218, 51.528704), (-0.3820873, 51.530905100000005), (-0.39534240000000004, 51.530516999999996)]"
16,16,"[(0.10691700000000001, 51.5330098), (0.1056087, 51.533396100000004), (0.10342069999999999, 51.543658799999996), (0.1065232, 51.5563461), (0.09538869999999999, 51.5708383), (0.0838715, 51.5728765), (0.0812798, 51.5743767), (0.0819867, 51.579231), (0.08687610000000001, 51.581084999999995), (0.09806139999999999, 51.57906679999999), (0.112598, 51.5812479), (0.11859249999999999, 51.5841912), (0.12014010000000001, 51.583363299999995), (0.12051680000000001, 51.579009899999996), (0.12528910000000001, 51.5697301), (0.1329344, 51.5608219), (0.1431967, 51.5658531), (0.149477, 51.5679021), (0.1588565, 51.565890700000004), (0.1682174, 51.561995), (0.1719021, 51.5602411), (0.1714697, 51.5484309), (0.17598629999999998, 51.542094899999995), (0.17587650000000002, 51.5404659), (0.1564099, 51.527891499999996), (0.15419229999999998, 51.5273479), (0.142463, 51.5300122), (0.1321711, 51.5294042), (0.12357670000000001, 51.5313004), (0.11297650000000001, 51.5321066), (0.10691700000000001, 51.5330098)]"
17,17,"[(0.19250799999999998, 51.561621), (0.1762282, 51.5629699), (0.1715722, 51.5654235), (0.1735568, 51.5789045), (0.1785415, 51.5845408), (0.1913466, 51.5861124), (0.2005108, 51.59125), (0.2015475, 51.5876258), (0.215685, 51.5837114), (0.21997729999999996, 51.58517020000001), (0.23112270000000004, 51.5814278), (0.2374688, 51.581331799999994), (0.2403936, 51.57982979999999), (0.2509405, 51.558761100000005), (0.254171, 51.558545), (0.2623866, 51.5561311), (0.25444659999999997, 51.556101), (0.24762240000000002, 51.552325), (0.24299120000000002, 51.5497778), (0.2370196, 51.547905), (0.2279264, 51.5487329), (0.2271453, 51.549158), (0.2092712, 51.5580912), (0.20675439999999998, 51.5621003), (0.19250799999999998, 51.561621)]"
18,18,"[(-0.22602339999999999, 51.3941253), (-0.23090549999999999, 51.3967875), (-0.2358965, 51.3981749), (-0.24689610000000003, 51.3949671), (-0.263698, 51.3782033), (-0.268226, 51.3750888), (-0.278933, 51.375633799999996), (-0.2892006, 51.379512), (-0.29137529999999995, 51.3725513), (-0.30642220000000003, 51.3670754), (-0.3100315, 51.3604903), (-0.3166103, 51.3614814), (-0.317181, 51.3648258), (-0.3168848, 51.3661451), (-0.3085966, 51.3722562), (-0.30518690000000004, 51.3806096), (-0.3148106, 51.3888223), (-0.3190886, 51.3960986), (-0.31105459999999996, 51.3986704), (-0.31719509999999995, 51.4120184), (-0.3243183, 51.4220102), (-0.3227565, 51.42317979999999), (-0.28141220000000006, 51.4341034), (-0.26886059999999995, 51.432505400000004), (-0.25464570000000003, 51.4297982), (-0.2431719, 51.4155737), (-0.24055810000000002, 51.4228592), (-0.23036210000000001, 51.4179658), (-0.21943160000000003, 51.4113179), (-0.2200879, 51.4012338), (-0.22602339999999999, 51.3941253)]"
19,19,"[(-0.1776279, 51.6443512), (-0.1790197, 51.6450222), (-0.18037910000000001, 51.646546799999996), (-0.1806418, 51.6559814), (-0.1778425, 51.6583859), (-0.1699836, 51.656322499999995), (-0.15348299999999998, 51.6572311), (-0.1498175, 51.657039700000006), (-0.1325759, 51.6486279), (-0.1324457, 51.6476065), (-0.1372794, 51.64045720000001), (-0.1457191, 51.6404354), (-0.1673208, 51.6460286), (-0.1776279, 51.6443512)]"
20,20,"[(-0.0975069, 51.358650899999994), (-0.1021767, 51.359913399999996), (-0.1199718, 51.362145299999995), (-0.131967, 51.3669961), (-0.13219160000000002, 51.367510700000004), (-0.1310029, 51.36781), (-0.1287841, 51.3678805), (-0.1244077, 51.3679888), (-0.11188150000000001, 51.374740700000004), (-0.11034160000000001, 51.3830398), (-0.1130976, 51.3896903), (-0.11482060000000001, 51.39276470000001), (-0.1164067, 51.396794), (-0.1169326, 51.398377), (-0.11443519999999999, 51.399376000000004), (-0.10105039999999998, 51.3995982), (-0.0884242, 51.400005799999995), (-0.07484400000000001, 51.4008815), (-0.0599748, 51.397138700000006), (-0.0573414, 51.3964619), (-0.0606726, 51.393377799999996), (-0.06204119999999999, 51.3929402), (-0.07842619999999999, 51.3803188), (-0.082321, 51.369574799999995), (-0.092335, 51.3639144), (-0.0975069, 51.358650899999994)]"
21,21,"[(0.0347032, 51.3862014), (0.022964099999999998, 51.3860844), (0.0213916, 51.3866618), (0.0146315, 51.390562200000005), (0.0057365, 51.4017651), (-0.0076569, 51.4065193), (-0.0136379, 51.404433399999995), (-0.018140700000000003, 51.406613), (-0.017454, 51.4068754), (-0.006456, 51.408415000000005), (-0.0021024999999999998, 51.4077356), (0.0069277, 51.4095818), (0.013978, 51.4157185), (0.020151, 51.4210424), (0.0214438, 51.42193220000001), (0.023208700000000002, 51.4215601), (0.0341371, 51.4104448), (0.043669599999999996, 51.4008336), (0.0497615, 51.4021041), (0.040417699999999994, 51.3947533), (0.0347032, 51.3862014)]"
22,22,"[(-0.3366294, 51.54750670000001), (-0.3457883, 51.548342600000005), (-0.3532177, 51.550304100000005), (-0.3446335, 51.5621396), (-0.3357117, 51.564281099999995), (-0.32846729999999996, 51.566677399999996), (-0.3239715, 51.5621539), (-0.31069450000000004, 51.569345500000004), (-0.30325630000000003, 51.5781287), (-0.2931158, 51.5862191), (-0.28927379999999997, 51.591093799999996), (-0.27602709999999997, 51.586112299999996), (-0.2815741, 51.5795167), (-0.2772106, 51.564835200000005), (-0.2735741, 51.5663318), (-0.2663548, 51.5676615), (-0.2617772, 51.568068700000005), (-0.2566405, 51.5690561), (-0.2586039, 51.56380120000001), (-0.263268, 51.55983870000001), (-0.277281, 51.548208), (-0.2869306, 51.54872), (-0.3000692, 51.547987), (-0.30755479999999996, 51.5483203), (-0.3150926, 51.545182000000004), (-0.3224014, 51.546338299999995), (-0.3366294, 51.54750670000001)]"
23,23,"[(-0.19730820000000002, 51.3438528), (-0.2007285, 51.3438211), (-0.2028277, 51.344151399999994), (-0.2001994, 51.3612725), (-0.20019720000000002, 51.3679959), (-0.2001321, 51.368390600000005), (-0.1940333, 51.378656299999996), (-0.19357370000000002, 51.3794269), (-0.18398779999999998, 51.3770539), (-0.1875555, 51.3593077), (-0.18850229999999998, 51.3550209), (-0.19097999999999998, 51.3441232), (-0.19730820000000002, 51.3438528)]"
24,24,"[(-0.1599804, 51.3614862), (-0.1613027, 51.3616519), (-0.1702021, 51.3649388), (-0.17732910000000002, 51.375243100000006), (-0.188121, 51.3802027), (-0.1923526, 51.3834261), (-0.192026, 51.384395399999995), (-0.1885354, 51.3886256), (-0.1820025, 51.39225510000001), (-0.17105889999999999, 51.3899605), (-0.15857870000000002, 51.389156799999995), (-0.1539749, 51.3829084), (-0.153584, 51.3815934), (-0.15369860000000002, 51.3802028), (-0.15677560000000001, 51.3635059), (-0.1599804, 51.3614862)]"
25,25,"[(-0.4346357, 51.446915399999995), (-0.44056660000000003, 51.4435995), (-0.4468237, 51.4465838), (-0.4479351, 51.4491731), (-0.43818999999999997, 51.45437379999999), (-0.4303464, 51.4619032), (-0.42857470000000003, 51.4670785), (-0.41646530000000004, 51.4698532), (-0.4095236, 51.457419200000004), (-0.4017815, 51.4528746), (-0.40015409999999996, 51.452278799999995), (-0.396523, 51.449445700000005), (-0.3918311, 51.4456117), (-0.3882083, 51.440855299999996), (-0.38189229999999996, 51.430098799999996), (-0.388418, 51.4269969), (-0.3953177, 51.4261614), (-0.41330959999999994, 51.4322253), (-0.41863, 51.432284700000004), (-0.4280145, 51.4470044), (-0.4346357, 51.446915399999995)]"
26,26,"[(0.0916909, 51.5293473), (0.08352000000000001, 51.5273701), (0.0734933, 51.5305916), (0.0681517, 51.5322364), (0.0670446, 51.540495799999995), (0.0724843, 51.540966), (0.0801692, 51.5500184), (0.0911717, 51.5502611), (0.0938942, 51.5465895), (0.09450069999999999, 51.5434376), (0.0916909, 51.5293473)]"
27,27,"[(-0.1491056, 51.5863012), (-0.1620782, 51.585202), (-0.1772395, 51.5894825), (-0.1883431, 51.59002879999999), (-0.19245620000000002, 51.5909367), (-0.20475770000000001, 51.5947178), (-0.2008317, 51.5991136), (-0.193123, 51.6045599), (-0.1914421, 51.6130843), (-0.19441029999999998, 51.61960070000001), (-0.19382, 51.6237257), (-0.20657910000000002, 51.644928), (-0.21003840000000001, 51.6524761), (-0.2047385, 51.6588376), (-0.1989938, 51.6609579), (-0.19263339999999998, 51.6629197), (-0.1864838, 51.664576399999994), (-0.1879796, 51.6580472), (-0.18399179999999998, 51.6472232), (-0.17140060000000001, 51.6439011), (-0.1623123, 51.644088700000005), (-0.15799770000000002, 51.6447735), (-0.1542292, 51.643855200000004), (-0.14642529999999998, 51.636614), (-0.1421595, 51.6314527), (-0.1309247, 51.6190071), (-0.12351140000000001, 51.614731799999994), (-0.12110080000000001, 51.6130682), (-0.1267113, 51.5941929), (-0.1296888, 51.591091299999995), (-0.1395749, 51.5881579), (-0.1491056, 51.5863012)]"
28,28,"[(-0.2084866, 51.4030583), (-0.2156756, 51.4017033), (-0.22598189999999999, 51.416257), (-0.23287539999999998, 51.4229279), (-0.23244009999999998, 51.425943700000005), (-0.23176929999999998, 51.4263811), (-0.21055749999999998, 51.42843920000001), (-0.2066453, 51.42864960000001), (-0.20011900000000002, 51.427341299999995), (-0.1891293, 51.4233648), (-0.18488629999999998, 51.426641100000005), (-0.1844926, 51.426586), (-0.17564749999999998, 51.4205934), (-0.17210129999999998, 51.4177185), (-0.1793722, 51.4076951), (-0.1942938, 51.4054788), (-0.2084866, 51.4030583)]"
29,29,"[(-0.3340788, 51.433213099999996), (-0.33852859999999996, 51.4323403), (-0.3519817, 51.42872020000001), (-0.35471729999999996, 51.4227677), (-0.3588905, 51.4227035), (-0.3637249, 51.4232758), (-0.3708147, 51.4253443), (-0.3667828, 51.4258878), (-0.36007540000000005, 51.4274885), (-0.3529644, 51.4422308), (-0.3506037, 51.4494414), (-0.3499782, 51.4505495), (-0.3418204, 51.4582244), (-0.3306079, 51.4612203), (-0.3272486, 51.4620517), (-0.322783, 51.4605376), (-0.32004920000000003, 51.456110100000004), (-0.3186533, 51.4535542), (-0.3157235, 51.447047999999995), (-0.31462890000000004, 51.4436276), (-0.31738130000000003, 51.4417106), (-0.3340788, 51.433213099999996)]"
30,30,"[(-0.2749298, 51.460291399999996), (-0.2762127, 51.4609614), (-0.2780322, 51.4641093), (-0.27709040000000007, 51.4661081), (-0.2680397, 51.471195), (-0.255846, 51.470982), (-0.2528085, 51.4706027), (-0.24747399999999997, 51.468111), (-0.2427087, 51.4653251), (-0.2500331, 51.458946399999995), (-0.2544692, 51.4601752), (-0.269259, 51.4606848), (-0.2749298, 51.460291399999996)]"
31,31,"[(0.0610096, 51.5105839), (0.05410419999999999, 51.509848), (0.054296699999999996, 51.515789700000006), (0.0444006, 51.531161600000004), (0.0413272, 51.5342768), (0.039358199999999996, 51.548084700000004), (0.048171, 51.5552419), (0.0601381, 51.55457379999999), (0.0624727, 51.5524978), (0.0658865, 51.5356878), (0.07155349999999999, 51.5235866), (0.0722102, 51.522048), (0.07213489999999999, 51.5217205), (0.0717563, 51.5208177), (0.0711375, 51.51977539999999), (0.0610096, 51.5105839)]"
32,32,"[(-0.3131235, 51.4494277), (-0.313273, 51.449484999999996), (-0.31371279999999996, 51.4526309), (-0.307658, 51.469026899999996), (-0.298323, 51.465808200000005), (-0.29148720000000006, 51.463055700000005), (-0.2888335, 51.4607527), (-0.2881901, 51.4589673), (-0.2901672, 51.45531210000001), (-0.2962413, 51.4502258), (-0.2975085, 51.45013839999999), (-0.3131235, 51.4494277)]"
33,33,"[(-0.0594859, 51.4342061), (-0.0608554, 51.43512020000001), (-0.06352719999999999, 51.440439899999994), (-0.062479099999999996, 51.44163270000001), (-0.0596357, 51.4438841), (-0.055409400000000004, 51.4469391), (-0.04581369999999999, 51.437208700000006), (-0.0294909, 51.4353225), (-0.0288298, 51.4346011), (-0.0262991, 51.4263195), (-0.030773000000000002, 51.424416), (-0.0341739, 51.4234402), (-0.041628399999999996, 51.4261935), (-0.0509209, 51.429805200000004), (-0.0594859, 51.4342061)]"
34,34,"[(-0.3312657, 51.4826975), (-0.3406969, 51.478777799999996), (-0.3476518, 51.482823700000004), (-0.34816990000000003, 51.4831622), (-0.33541540000000003, 51.48765039999999), (-0.33008119999999996, 51.4882732), (-0.3184987, 51.4919784), (-0.30855959999999993, 51.4913462), (-0.2959768, 51.493709499999994), (-0.2878973, 51.4890982), (-0.28776940000000006, 51.4883945), (-0.2878415, 51.4881322), (-0.31118779999999996, 51.4768901), (-0.31623140000000005, 51.4748479), (-0.32522290000000004, 51.4825495), (-0.3312657, 51.4826975)]"
35,35,"[(-0.2585917, 51.4837475), (-0.270758, 51.484202), (-0.27832290000000004, 51.4846032), (-0.2830003, 51.4869374), (-0.2837063, 51.487375799999995), (-0.28548320000000005, 51.4906436), (-0.28476440000000003, 51.4920219), (-0.28296220000000005, 51.495445399999994), (-0.282765, 51.4957578), (-0.2762469, 51.495652299999996), (-0.2656832, 51.5029403), (-0.25242570000000003, 51.495934000000005), (-0.2508727, 51.492744), (-0.2546909, 51.4848386), (-0.2585917, 51.4837475)]"
36,36,"[(0.0246859, 51.5738283), (0.0179484, 51.574339200000004), (0.0164697, 51.580236799999994), (0.0161667, 51.5814568), (0.0147583, 51.594774), (0.013353299999999999, 51.6003351), (0.0169728, 51.603205700000004), (0.025508700000000002, 51.599177399999995), (0.025905200000000003, 51.598937299999996), (0.0349612, 51.59341), (0.0339032, 51.5906126), (0.028218599999999996, 51.5759872), (0.027451299999999998, 51.5744935), (0.0246859, 51.5738283)]"
37,37,"[(-0.21478490000000003, 51.5742634), (-0.21541100000000002, 51.573902399999994), (-0.22347039999999999, 51.571843), (-0.22480300000000003, 51.5715902), (-0.2322259, 51.572048200000005), (-0.23351149999999998, 51.5722988), (-0.2373053, 51.5739178), (-0.2515729, 51.5791785), (-0.2578098, 51.5820585), (-0.270129, 51.586527000000004), (-0.2760849, 51.5896252), (-0.279408, 51.6104438), (-0.28069099999999997, 51.612134600000005), (-0.27542209999999995, 51.6148741), (-0.2702901, 51.6122345), (-0.2609308, 51.6085575), (-0.25041599999999997, 51.6132943), (-0.24770799999999998, 51.615974), (-0.2406259, 51.6062018), (-0.23005830000000002, 51.598459999999996), (-0.217021, 51.591045799999996), (-0.20968879999999998, 51.5871385), (-0.21478490000000003, 51.5742634)]"
38,38,"[(-0.2328813, 51.5391614), (-0.2339545, 51.539961299999995), (-0.23796979999999998, 51.543608899999995), (-0.2367437, 51.5443534), (-0.22836289999999998, 51.5512485), (-0.22769450000000002, 51.563625), (-0.231462, 51.5696549), (-0.2301131, 51.5697872), (-0.22842889999999996, 51.5695342), (-0.2058652, 51.5682119), (-0.2002098, 51.5683), (-0.1994638, 51.567396200000005), (-0.1972369, 51.5635956), (-0.1970432, 51.5627336), (-0.2079206, 51.5512286), (-0.2189896, 51.546003999999996), (-0.2255047, 51.5412242), (-0.2328813, 51.5391614)]"
39,39,"[(-0.0433069, 51.6358843), (-0.0444939, 51.6357794), (-0.0481087, 51.6387424), (-0.053302800000000004, 51.6485244), (-0.0638739, 51.6592669), (-0.0638429, 51.659322499999995), (-0.0555638, 51.665227), (-0.039898800000000005, 51.6739765), (-0.0269028, 51.671294399999994), (-0.024271400000000002, 51.669587899999996), (-0.023475, 51.6683881), (-0.0433069, 51.6358843)]"
40,40,"[(-0.063148, 51.58099620000001), (-0.0661948, 51.5801936), (-0.0767178, 51.5809193), (-0.08170010000000001, 51.5850955), (-0.08300700000000001, 51.588705), (-0.07773010000000001, 51.60021079999999), (-0.0757548, 51.603299299999996), (-0.0683856, 51.608342900000004), (-0.058440599999999995, 51.6053352), (-0.053611900000000004, 51.593188), (-0.052242899999999995, 51.5873167), (-0.052559, 51.5867912), (-0.05822190000000001, 51.5833786), (-0.061329999999999996, 51.5816185), (-0.063148, 51.58099620000001)]"
41,41,"[(-0.0977912, 51.574301500000004), (-0.09940449999999999, 51.5739774), (-0.1064982, 51.5775555), (-0.1224462, 51.5988938), (-0.1182883, 51.6021844), (-0.11132760000000001, 51.6071156), (-0.1104849, 51.607308), (-0.10763930000000001, 51.604188), (-0.10533110000000001, 51.60148970000001), (-0.10353230000000001, 51.595352), (-0.1012548, 51.592361499999996), (-0.08698689999999999, 51.5899168), (-0.0824706, 51.5828595), (-0.082932, 51.5808104), (-0.09594960000000001, 51.574947200000004), (-0.0977912, 51.574301500000004)]"
42,42,"[(0.018109599999999997, 51.505573999999996), (0.0164465, 51.5060253), (0.008103399999999998, 51.514260799999995), (0.0036549, 51.5177982), (0.0020542, 51.521601000000004), (0.0109999, 51.534051299999994), (0.0230948, 51.5416544), (0.0250787, 51.5408365), (0.029996299999999997, 51.5307101), (0.0380906, 51.5247711), (0.0397162, 51.52113370000001), (0.031659, 51.5103316), (0.030566399999999997, 51.509399), (0.0254643, 51.507745), (0.018109599999999997, 51.505573999999996)]"
43,43,"[(-0.1626528, 51.4317002), (-0.1634557, 51.4322736), (-0.163669, 51.432478), (-0.1642713, 51.4368934), (-0.1587568, 51.4503405), (-0.1566894, 51.452324600000004), (-0.14591629999999997, 51.4572255), (-0.1442608, 51.4577709), (-0.1409318, 51.458513200000006), (-0.13940729999999998, 51.4572377), (-0.1393027, 51.4549098), (-0.1396223, 51.4529844), (-0.1436669, 51.444408), (-0.1466303, 51.439937), (-0.1573501, 51.4353584), (-0.1626528, 51.4317002)]"
44,44,"[(-0.1327134, 51.457601200000006), (-0.1352774, 51.457803000000006), (-0.14329760000000002, 51.4608052), (-0.14284520000000003, 51.4663154), (-0.128909, 51.467354799999995), (-0.12827850000000002, 51.4610284), (-0.1293208, 51.4599026), (-0.1327134, 51.457601200000006)]"
45,45,"[(-0.0341786, 51.544637200000004), (-0.0389478, 51.5442032), (-0.0444796, 51.544110100000005), (-0.052096800000000006, 51.5439886), (-0.062478399999999996, 51.5421022), (-0.0656335, 51.544101), (-0.067614, 51.5468859), (-0.0654568, 51.558171), (-0.0650222, 51.558448600000006), (-0.06430509999999999, 51.558617), (-0.062361900000000005, 51.5588699), (-0.0561884, 51.5595734), (-0.0399251, 51.558588), (-0.035864599999999996, 51.5555164), (-0.034437300000000004, 51.5514984), (-0.0341786, 51.544637200000004)]"
46,46,"[(0.0057059, 51.5352996), (-0.0060729, 51.5351864), (-0.0061438000000000005, 51.5352101), (-0.008166, 51.5368359), (-0.0151502, 51.54461320000001), (-0.0169541, 51.563367799999995), (-0.015492600000000002, 51.563779499999995), (-0.0150548, 51.56378370000001), (-0.008634200000000002, 51.559555700000004), (0.0087221, 51.555274100000005), (0.0112074, 51.5552925), (0.0152589, 51.5438948), (0.012715299999999999, 51.537255), (0.008131000000000001, 51.5356322), (0.0057059, 51.5352996)]"
47,47,"[(-0.0098295, 51.561133500000004), (-0.010174700000000002, 51.5612449), (-0.0146641, 51.5654471), (-0.0300009, 51.5757057), (-0.0354847, 51.58020870000001), (-0.0373334, 51.5833791), (-0.0274176, 51.5958185), (-0.0064232, 51.5966772), (-0.0018625, 51.5947325), (-0.0005927, 51.5917809), (0.0013135999999999998, 51.583391799999994), (0.0012338, 51.5793921), (-0.006983400000000001, 51.561207), (-0.007365699999999999, 51.5609904), (-0.0098295, 51.561133500000004)]"
48,48,"[(-0.0592937, 51.451347), (-0.07183099999999999, 51.451502000000005), (-0.07651960000000001, 51.452234600000004), (-0.08925319999999999, 51.461116499999996), (-0.0829291, 51.4668836), (-0.07994119999999999, 51.4643824), (-0.0756706, 51.4613917), (-0.0646486, 51.4562594), (-0.0594061, 51.4523859), (-0.0592937, 51.451347)]"
49,49,"[(-0.18117679999999997, 51.530415500000004), (-0.1965666, 51.5306539), (-0.20763520000000002, 51.530631400000004), (-0.2110937, 51.5318434), (-0.21603920000000001, 51.5412156), (-0.21566079999999999, 51.5445974), (-0.2150966, 51.54606810000001), (-0.2041599, 51.5483756), (-0.195801, 51.552081099999995), (-0.19535639999999999, 51.5521635), (-0.1925041, 51.5526874), (-0.1825705, 51.5392126), (-0.18067650000000002, 51.5350765), (-0.1796543, 51.5326914), (-0.18117679999999997, 51.530415500000004)]"
50,50,"[(-0.21634360000000002, 51.4980296), (-0.22429749999999998, 51.4961244), (-0.2329875, 51.4998554), (-0.23428800000000002, 51.5007696), (-0.23689369999999998, 51.5026055), (-0.24085170000000003, 51.5064496), (-0.23990279999999997, 51.506657700000005), (-0.23479760000000002, 51.50682929999999), (-0.2186469, 51.510854200000004), (-0.21383310000000003, 51.5111532), (-0.2057641, 51.5106354), (-0.2007307, 51.5023489), (-0.20257999999999998, 51.5006354), (-0.21634360000000002, 51.4980296)]"
51,51,"[(-0.2224431, 51.487764399999996), (-0.2308331, 51.489584), (-0.2412166, 51.490051), (-0.24182870000000004, 51.490230100000005), (-0.24402390000000002, 51.4918559), (-0.24472729999999998, 51.4958546), (-0.2419746, 51.5017005), (-0.2378429, 51.5008982), (-0.2189774, 51.496486100000006), (-0.21583270000000002, 51.494971), (-0.2143875, 51.4935524), (-0.21316529999999997, 51.492146999999996), (-0.21473179999999997, 51.491126), (-0.2224431, 51.487764399999996)]"
52,52,"[(-0.0133773, 51.47289129999999), (-0.0169822, 51.4722595), (-0.024042400000000002, 51.4721952), (-0.0272475, 51.4736211), (-0.0286207, 51.475163200000004), (-0.032067700000000005, 51.4811133), (-0.0316772, 51.48394879999999), (-0.0310824, 51.4856921), (-0.024331799999999997, 51.4854792), (-0.0087931, 51.4836752), (-0.0038946, 51.4846732), (0.0023953000000000004, 51.4867876), (0.0079303, 51.48908), (0.0082926, 51.489073), (0.011090799999999998, 51.4864856), (0.0091421, 51.4853357), (0.0011094000000000002, 51.4817754), (-0.0104506, 51.4755807), (-0.0133773, 51.47289129999999)]"
53,53,"[(-0.038410900000000005, 51.452806), (-0.039598400000000006, 51.45251210000001), (-0.040137900000000004, 51.45260510000001), (-0.0396136, 51.4615846), (-0.0436622, 51.473053), (-0.0437233, 51.473957500000004), (-0.042353800000000004, 51.477253999999995), (-0.036137, 51.478430700000004), (-0.0312026, 51.477785100000006), (-0.0212825, 51.4668311), (-0.038410900000000005, 51.452806)]"
54,54,"[(-0.19945829999999998, 51.4704759), (-0.2003441, 51.4696864), (-0.2024874, 51.4686171), (-0.20908289999999996, 51.4676355), (-0.2116254, 51.4678293), (-0.21246320000000002, 51.4682433), (-0.2145397, 51.472566799999996), (-0.22125589999999998, 51.4861066), (-0.2211518, 51.48673), (-0.2127118, 51.494298), (-0.2063725, 51.4991649), (-0.20408389999999998, 51.499164799999996), (-0.20141320000000001, 51.498356), (-0.1992807, 51.485858799999995), (-0.1932037, 51.4834485), (-0.1891475, 51.481181899999996), (-0.1886474, 51.4804409), (-0.19945829999999998, 51.4704759)]"
55,55,"[(-0.10718310000000002, 51.4617486), (-0.1131404, 51.459902500000005), (-0.11566689999999999, 51.4594376), (-0.1238465, 51.459247), (-0.1266272, 51.4595646), (-0.12729680000000002, 51.459897), (-0.1221637, 51.469609399999996), (-0.119631, 51.469632700000005), (-0.118145, 51.4695588), (-0.10793399999999999, 51.4633245), (-0.10718310000000002, 51.4617486)]"
56,56,"[(-0.0719652, 51.4607207), (-0.07352439999999999, 51.4615287), (-0.0823935, 51.470662100000006), (-0.08244739999999999, 51.4710515), (-0.08232460000000001, 51.4725823), (-0.080229, 51.481435), (-0.07030560000000001, 51.4872359), (-0.06718260000000001, 51.4871032), (-0.06611460000000001, 51.48701320000001), (-0.061875400000000004, 51.482572499999996), (-0.0571283, 51.4735476), (-0.061163699999999994, 51.4675166), (-0.0674277, 51.4620515), (-0.0719652, 51.4607207)]"
57,57,"[(-0.192227, 51.4881601), (-0.1989118, 51.49026), (-0.2005313, 51.4911721), (-0.2021071, 51.492605700000006), (-0.2021695, 51.4936153), (-0.2009962, 51.49854620000001), (-0.2001619, 51.49987670000001), (-0.1939014, 51.5047534), (-0.1925308, 51.505009), (-0.18872429999999998, 51.503582200000004), (-0.1792866, 51.5029451), (-0.17269489999999998, 51.5055434), (-0.1680877, 51.501341100000005), (-0.1682068, 51.4997752), (-0.17174389999999998, 51.4949875), (-0.1738864, 51.49337379999999), (-0.1793325, 51.490783799999996), (-0.192227, 51.4881601)]"
58,58,"[(-0.1509203, 51.4965583), (-0.1516752, 51.4958709), (-0.161379, 51.4968955), (-0.1703325, 51.4958606), (-0.1704741, 51.49615670000001), (-0.16989849999999998, 51.497816), (-0.1665367, 51.5001798), (-0.162581, 51.501755200000005), (-0.1592409, 51.503013200000005), (-0.1535256, 51.50312589999999), (-0.151764, 51.501715000000004), (-0.151113, 51.499271), (-0.1509203, 51.4965583)]"
59,59,"[(-0.0918684, 51.4695406), (-0.0945168, 51.4687163), (-0.09643689999999999, 51.4684827), (-0.0992477, 51.4683613), (-0.1039636, 51.4790586), (-0.1031872, 51.48442429999999), (-0.10059069999999999, 51.4837622), (-0.09457080000000001, 51.4811141), (-0.0849405, 51.4731991), (-0.08453830000000001, 51.4726896), (-0.0918684, 51.4695406)]"
60,60,"[(-0.094385, 51.482393), (-0.094703, 51.482353), (-0.1048395, 51.486459100000005), (-0.1178126, 51.493411), (-0.1210866, 51.4947706), (-0.12122939999999999, 51.4950281), (-0.11971019999999999, 51.5023362), (-0.1182375, 51.5055477), (-0.11570019999999999, 51.5072244), (-0.1139562, 51.507552600000004), (-0.1086296, 51.5083978), (-0.10692919999999999, 51.508594099999996), (-0.1047904, 51.5086201), (-0.1008446, 51.508492499999996), (-0.096, 51.50820220000001), (-0.08143810000000001, 51.506027), (-0.07297639999999998, 51.5034875), (-0.0643476, 51.5002596), (-0.0653648, 51.4964185), (-0.065873, 51.4954065), (-0.07512410000000001, 51.49132120000001), (-0.0913995, 51.4857771), (-0.09415, 51.48243), (-0.094385, 51.482393)]"
61,61,"[(-0.1035387, 51.4736932), (-0.1060837, 51.4736842), (-0.11809189999999999, 51.4759924), (-0.1211752, 51.478153000000006), (-0.1265066, 51.4847597), (-0.1269221, 51.485552), (-0.1222468, 51.4930696), (-0.1215347, 51.4933405), (-0.10999819999999999, 51.491558000000005), (-0.107454, 51.487351000000004), (-0.10259739999999999, 51.4742325), (-0.1035387, 51.4736932)]"
62,62,"[(-0.1845156, 51.433296899999995), (-0.1850128, 51.432818), (-0.1858973, 51.4332912), (-0.19086689999999998, 51.4422852), (-0.1990432, 51.45680120000001), (-0.1983407, 51.4577348), (-0.19758, 51.458104999999996), (-0.1810215, 51.4625408), (-0.1746583, 51.4631499), (-0.1731152, 51.4620289), (-0.1845156, 51.433296899999995)]"
63,63,"[(-0.16363529999999998, 51.4537131), (-0.163947, 51.453672499999996), (-0.1905231, 51.458630600000006), (-0.1913228, 51.458890600000004), (-0.1926588, 51.46147379999999), (-0.1904527, 51.462891), (-0.1775418, 51.4711734), (-0.1695391, 51.4726434), (-0.1655468, 51.473341999999995), (-0.15974449999999998, 51.4738696), (-0.1466444, 51.467024), (-0.16363529999999998, 51.4537131)]"
64,64,"[(-0.0911915, 51.5424693), (-0.0915373, 51.5426032), (-0.1014163, 51.549812200000005), (-0.09959, 51.551447100000004), (-0.0878287, 51.5609967), (-0.0750203, 51.5672455), (-0.0733791, 51.5676472), (-0.0717011, 51.5680244), (-0.0675613, 51.5651027), (-0.069645, 51.5531514), (-0.0682069, 51.545030499999996), (-0.06970010000000001, 51.5442178), (-0.0759783, 51.540842), (-0.0762814, 51.5407066), (-0.0855008, 51.54485379999999), (-0.0911915, 51.5424693)]"
65,65,"[(-0.1764165, 51.4817187), (-0.17763510000000002, 51.4814095), (-0.18124300000000002, 51.4815862), (-0.177507, 51.490545399999995), (-0.16860079999999997, 51.4945157), (-0.1673002, 51.4946658), (-0.15653570000000003, 51.4946852), (-0.156326, 51.4925144), (-0.1565299, 51.4922614), (-0.1587499, 51.4905898), (-0.1713841, 51.4845765), (-0.1764165, 51.4817187)]"
66,66,"[(-0.1491924, 51.4893116), (-0.15640510000000002, 51.4889305), (-0.1577004, 51.4898634), (-0.15733029999999998, 51.4907591), (-0.1525321, 51.4939485), (-0.1458793, 51.4981005), (-0.1425109, 51.49979329999999), (-0.13535160000000002, 51.5004011), (-0.1248414, 51.5030751), (-0.1240389, 51.5027311), (-0.12410850000000001, 51.5006217), (-0.1254513, 51.4929286), (-0.1256999, 51.4917508), (-0.13794220000000001, 51.4900283), (-0.1491924, 51.4893116)]"
67,67,"[(-0.0283156, 51.5201479), (-0.032346299999999995, 51.519274100000004), (-0.0408437, 51.5200466), (-0.055240599999999994, 51.5256907), (-0.057173400000000006, 51.527425), (-0.056591999999999996, 51.5306644), (-0.05626950000000001, 51.5311815), (-0.0452483, 51.5382333), (-0.0422944, 51.5391408), (-0.0339659, 51.5357666), (-0.0256819, 51.534625399999996), (-0.0149784, 51.5297128), (-0.0133422, 51.528830400000004), (-0.013084299999999998, 51.5270336), (-0.0130904, 51.526925), (-0.013527299999999999, 51.526503999999996), (-0.0283156, 51.5201479)]"
68,68,"[(-0.183437, 51.517148299999995), (-0.20760100000000004, 51.518996200000004), (-0.21410810000000002, 51.5205969), (-0.21507510000000002, 51.5214169), (-0.21774259999999998, 51.526294899999996), (-0.2186835, 51.5289563), (-0.21686100000000003, 51.531313), (-0.19916889999999998, 51.5297557), (-0.1877122, 51.52909879999999), (-0.1818877, 51.5283948), (-0.1817063, 51.5280256), (-0.180204, 51.5219317), (-0.183437, 51.517148299999995)]"
69,69,"[(-0.10355039999999999, 51.5635355), (-0.10757850000000001, 51.5621348), (-0.11678800000000002, 51.567064), (-0.11816099999999999, 51.571433899999995), (-0.11712850000000001, 51.5713547), (-0.1145846, 51.5711104), (-0.1074712, 51.568577399999995), (-0.1005926, 51.5655515), (-0.09945989999999999, 51.5650413), (-0.10355039999999999, 51.5635355)]"
70,70,"[(-0.012934799999999998, 51.504178100000004), (-0.017391099999999996, 51.4997028), (-0.0277774, 51.505255), (-0.0279065, 51.5053636), (-0.0304265, 51.5075259), (-0.030443900000000003, 51.5079584), (-0.030423400000000003, 51.5082182), (-0.029682099999999996, 51.5087696), (-0.025998300000000002, 51.5105317), (-0.0230468, 51.5104206), (-0.012934799999999998, 51.504178100000004)]"
71,71,"[(-0.1945601, 51.5059125), (-0.1985971, 51.5061653), (-0.19900050000000002, 51.506251500000005), (-0.1999616, 51.5069738), (-0.2041749, 51.5126169), (-0.2070632, 51.5171863), (-0.2070551, 51.5181026), (-0.206686, 51.518308399999995), (-0.2052246, 51.5188345), (-0.1893737, 51.518534), (-0.1873602, 51.5184311), (-0.1794432, 51.511438899999995), (-0.1817194, 51.510482700000004), (-0.1945601, 51.5059125)]"
72,72,"[(-0.1376223, 51.5348183), (-0.1395095, 51.5345147), (-0.14647910000000003, 51.536050700000004), (-0.1545368, 51.544082200000005), (-0.15882870000000002, 51.5468668), (-0.15837320000000002, 51.547587), (-0.1442391, 51.5530716), (-0.14284960000000002, 51.5531055), (-0.1396355, 51.55297279999999), (-0.13934770000000002, 51.5528211), (-0.13794220000000001, 51.5415592), (-0.1376945, 51.5390807), (-0.13743729999999998, 51.536017), (-0.1374095, 51.5350074), (-0.1376223, 51.5348183)]"
73,73,"[(-0.10558920000000001, 51.547312), (-0.10568519999999999, 51.5472508), (-0.10848319999999999, 51.5479969), (-0.114469, 51.5509811), (-0.1222918, 51.557568700000004), (-0.1222892, 51.5599265), (-0.11944880000000001, 51.5646271), (-0.11616880000000002, 51.5639458), (-0.11578139999999998, 51.5636511), (-0.11506459999999999, 51.563011200000005), (-0.11443350000000001, 51.5624236), (-0.1115606, 51.55851989999999), (-0.1055731, 51.54776270000001), (-0.10558920000000001, 51.547312)]"
74,74,"[(-0.10560330000000001, 51.5274139), (-0.1070014, 51.527581700000006), (-0.1129093, 51.5306533), (-0.1149038, 51.5319347), (-0.1153778, 51.5322405), (-0.10536500000000001, 51.546631), (-0.1043376, 51.5470856), (-0.10054550000000001, 51.5463975), (-0.09424310000000001, 51.5411879), (-0.0940544, 51.5407599), (-0.10301880000000001, 51.529001799999996), (-0.10494819999999999, 51.5274676), (-0.10560330000000001, 51.5274139)]"
75,75,"[(-0.08436489999999999, 51.5221945), (-0.0845706, 51.522480200000004), (-0.086467, 51.5261091), (-0.08521770000000001, 51.5274658), (-0.0839566, 51.528282899999994), (-0.0801515, 51.530529200000004), (-0.0766539, 51.5317814), (-0.0761904, 51.5317345), (-0.0693155, 51.525910100000004), (-0.071543, 51.522074100000005), (-0.0783207, 51.522116), (-0.08436489999999999, 51.5221945)]"
76,76,"[(-0.07872749999999999, 51.5076664), (-0.0864456, 51.5088044), (-0.09956380000000001, 51.5113314), (-0.11322650000000001, 51.512377), (-0.1135526, 51.5127385), (-0.1138606, 51.513106), (-0.1114517, 51.51456820000001), (-0.090836, 51.525827899999996), (-0.0887762, 51.5272112), (-0.087469, 51.527426), (-0.07573830000000001, 51.5216795), (-0.0715084, 51.5214682), (-0.054807299999999996, 51.5206823), (-0.05455319999999999, 51.5203101), (-0.0607962, 51.512988299999996), (-0.0673337, 51.5095201), (-0.07872749999999999, 51.5076664)]"
77,77,"[(-0.1223057, 51.5233745), (-0.12499339999999999, 51.5226196), (-0.1307121, 51.5294603), (-0.1307643, 51.530064700000004), (-0.1303366, 51.5304636), (-0.1266573, 51.5338565), (-0.11894669999999999, 51.5338523), (-0.118647, 51.5337999), (-0.11796680000000001, 51.5306396), (-0.11814880000000001, 51.5284524), (-0.1223057, 51.5233745)]"
78,78,"[(-0.1008042, 51.516861600000006), (-0.1039223, 51.519064), (-0.10700530000000001, 51.523000399999994), (-0.10545009999999999, 51.523920000000004), (-0.1044424, 51.5242937), (-0.10312660000000001, 51.5245216), (-0.10245510000000002, 51.5245713), (-0.09820219999999999, 51.5241019), (-0.0964825, 51.5225406), (-0.0966801, 51.5197662), (-0.1008042, 51.516861600000006)]"
79,79,"[(-0.10135860000000001, 51.516127600000004), (-0.1024019, 51.5158593), (-0.1065493, 51.516150399999994), (-0.112509, 51.5173179), (-0.1152097, 51.5216027), (-0.11655530000000001, 51.5241041), (-0.116244, 51.524796), (-0.1085807, 51.522231299999994), (-0.106273, 51.52078), (-0.10521910000000001, 51.5199795), (-0.1013323, 51.51641970000001), (-0.10135860000000001, 51.516127600000004)]"
80,80,"[(-0.119621, 51.5159101), (-0.1210067, 51.5158441), (-0.1238296, 51.5170326), (-0.12466500000000001, 51.522102000000004), (-0.11903150000000001, 51.5230514), (-0.1156316, 51.5210789), (-0.1128443, 51.5185191), (-0.11263980000000001, 51.5181409), (-0.1132057, 51.517804), (-0.1186192, 51.5159855), (-0.119621, 51.5159101)]"
81,81,"[(-0.1615074, 51.513896700000004), (-0.1761855, 51.5139189), (-0.17726170000000002, 51.5148059), (-0.17795360000000002, 51.5165499), (-0.17542570000000002, 51.517891299999995), (-0.16897920000000002, 51.5195321), (-0.1600623, 51.5160759), (-0.1590039, 51.5149382), (-0.1615074, 51.513896700000004)]"
82,82,"[(-0.138027, 51.506603000000005), (-0.1430086, 51.506451899999995), (-0.14350639999999998, 51.5066105), (-0.1575559, 51.5122489), (-0.160081, 51.513453000000005), (-0.160212, 51.513515999999996), (-0.160598, 51.513771999999996), (-0.1607376, 51.5138662), (-0.1601197, 51.523221299999996), (-0.15859389999999998, 51.5239775), (-0.13848870000000002, 51.524536), (-0.1250999, 51.520607299999995), (-0.1241296, 51.5202734), (-0.11587280000000001, 51.515279799999995), (-0.1156576, 51.5146494), (-0.1158057, 51.5144028), (-0.117442, 51.5116948), (-0.1218744, 51.506825299999996), (-0.1238147, 51.506130999999996), (-0.1262931, 51.50577929999999), (-0.138027, 51.506603000000005)]"