Ward_name,Old_code,New_code,Population__2015,In_employment_(1664)__2011,Number_of_jobs_in_area__2013,Median_House_Price_(£)__2014,Median_Household_income_(£)_estimate_(2012/13),Average_Public_Transport_Accessibility_score__2014
City_of_London,00AA,E09000001,8100.00,4555.00,392400.00,765000.00,63620.00,7.90
Barking_and_Dagenham__Abbey,00ABFX,E05000026,14750.00,5444.00,9500.00,173000.00,33920.00,6.00
Barking_and_Dagenham__Alibon,00ABFY,E05000027,10600.00,4143.00,1000.00,215000.00,32470.00,3.10
Barking_and_Dagenham__Becontree,00ABFZ,E05000028,12700.00,4598.00,1300.00,210000.00,33000.00,2.90
Barking_and_Dagenham__Chadwell_Heath,00ABGA,E05000029,10400.00,3819.00,1900.00,240500.00,33920.00,2.30
Barking_and_Dagenham__Eastbrook,00ABGB,E05000030,10750.00,4592.00,4000.00,240000.00,37400.00,2.30
Barking_and_Dagenham__Eastbury,00ABGC,E05000031,11900.00,4546.00,1200.00,220000.00,32870.00,2.70
Barking_and_Dagenham__Gascoigne,00ABGD,E05000032,15850.00,4382.00,2900.00,200000.00,29480.00,3.20
Barking_and_Dagenham__Goresbrook,00ABGE,E05000033,11450.00,4544.00,1300.00,205000.00,33250.00,2.50
Barking_and_Dagenham__Heath,00ABGF,E05000034,11150.00,4043.00,3100.00,215000.00,31340.00,2.70
Barking_and_Dagenham__Longbridge,00ABGG,E05000035,11900.00,4894.00,1300.00,312750.00,40570.00,3.10
Barking_and_Dagenham__Mayesbrook,00ABGH,E05000036,10550.00,3978.00,1100.00,212000.00,31530.00,2.50
Barking_and_Dagenham__Parsloes,00ABGJ,E05000037,10050.00,3785.00,700.00,213000.00,31860.00,2.70
Barking_and_Dagenham__River,00ABGK,E05000038,11950.00,4420.00,5100.00,205500.00,33490.00,3.00
Barking_and_Dagenham__Thames,00ABGL,E05000039,18950.00,4081.00,9700.00,219000.00,32580.00,2.10
Barking_and_Dagenham__Valence,00ABGM,E05000040,10250.00,3873.00,1900.00,215000.00,33200.00,3.20
Barking_and_Dagenham__Village,00ABGN,E05000041,11050.00,4242.00,1200.00,202500.00,31960.00,2.70
Barking_and_Dagenham__Whalebone,00ABGP,E05000042,11150.00,4617.00,2700.00,235000.00,37180.00,2.90
Barnet__Brunswick_Park,00ACFX,E05000043,17550.00,7603.00,3900.00,435000.00,39800.00,2.90
Barnet__Burnt_Oak,00ACFY,E05000044,19650.00,7674.00,2800.00,250000.00,29400.00,3.60
Barnet__Childs_Hill,00ACFZ,E05000045,21100.00,9309.00,7000.00,507500.00,38960.00,4.50
Barnet__Colindale,00ACGA,E05000046,26600.00,7344.00,9000.00,302500.00,30170.00,2.50
Barnet__Coppetts,00ACGB,E05000047,18050.00,8630.00,3800.00,335000.00,38090.00,2.90
Barnet__East_Barnet,00ACGC,E05000048,17100.00,7566.00,3700.00,368000.00,39870.00,2.80
Barnet__East_Finchley,00ACGD,E05000049,16850.00,8153.00,4200.00,437500.00,41160.00,2.60
Barnet__Edgware,00ACGE,E05000050,17600.00,7259.00,6900.00,455000.00,38410.00,3.00
Barnet__Finchley_Church_End,00ACGF,E05000051,16800.00,7386.00,6000.00,528000.00,45030.00,2.90
Barnet__Garden_Suburb,00ACGG,E05000052,16950.00,7373.00,6000.00,825000.00,53090.00,2.70
Barnet__Golders_Green,00ACGH,E05000053,24950.00,7635.00,6200.00,555250.00,40800.00,3.40
Barnet__Hale,00ACGJ,E05000054,18250.00,7828.00,3000.00,397250.00,38590.00,2.60
Barnet__Hendon,00ACGK,E05000055,19300.00,8381.00,8300.00,350000.00,38530.00,2.70
Barnet__High_Barnet,00ACGL,E05000056,16300.00,7421.00,6800.00,419423.00,43940.00,2.70
Barnet__Mill_Hill,00ACGM,E05000057,20000.00,8329.00,7300.00,520000.00,41920.00,2.30
Barnet__Oakleigh,00ACGN,E05000058,16650.00,7486.00,4400.00,366000.00,41670.00,3.30
Barnet__Totteridge,00ACGP,E05000059,16900.00,6849.00,5600.00,627750.00,46150.00,2.50
Barnet__Underhill,00ACGQ,E05000060,17300.00,6874.00,4900.00,389950.00,37040.00,2.60
Barnet__West_Finchley,00ACGR,E05000061,17500.00,8583.00,8700.00,385000.00,42050.00,3.60
Barnet__West_Hendon,00ACGS,E05000062,19250.00,8051.00,9800.00,346250.00,35090.00,3.50
Barnet__Woodhouse,00ACGT,E05000063,18700.00,8568.00,5900.00,370000.00,38220.00,2.90
Bexley__Barnehurst,00ADGA,E05000064,10600.00,4958.00,2200.00,250000.00,38200.00,3.10
Bexley__Belvedere,00ADGB,E05000065,12400.00,5439.00,3800.00,179500.00,33510.00,2.80
Bexley__Blackfen_and_Lamorbey,00ADGC,E05000066,10700.00,5157.00,1100.00,280000.00,40780.00,2.10
Bexley__Blendon_and_Penhill,00ADGD,E05000067,11000.00,5336.00,1500.00,275000.00,40340.00,2.10
Bexley__Brampton,00ADGE,E05000068,10600.00,4995.00,1700.00,315000.00,40790.00,2.70
Bexley__Christchurch,00ADGF,E05000069,11350.00,5368.00,8800.00,275000.00,40190.00,3.40
Bexley__Colyers,00ADGG,E05000070,11400.00,4951.00,800.00,247000.00,34450.00,2.00
Bexley__Crayford,00ADGH,E05000071,11950.00,5236.00,7300.00,231500.00,34900.00,2.10
Bexley__Cray_Meadows,00ADGJ,E05000072,11350.00,4952.00,7200.00,285000.00,35530.00,2.30
Bexley__Danson_Park,00ADGK,E05000073,11000.00,5217.00,2800.00,265750.00,38580.00,2.90
Bexley__East_Wickham,00ADGL,E05000074,11000.00,5028.00,1300.00,259498.00,36260.00,2.50
Bexley__Erith,00ADGM,E05000075,12800.00,5266.00,6000.00,181000.00,33160.00,2.60
Bexley__Falconwood_and_Welling,00ADGN,E05000076,10950.00,5362.00,1800.00,280000.00,39000.00,2.40
Bexley__Lesnes_Abbey,00ADGP,E05000077,11450.00,5023.00,700.00,257500.00,35630.00,2.80
Bexley__Longlands,00ADGQ,E05000078,10600.00,4882.00,3600.00,250000.00,40880.00,2.70
Bexley__North_End,00ADGR,E05000079,11850.00,4584.00,3700.00,204498.00,29930.00,2.60
Bexley__Northumberland_Heath,00ADGS,E05000080,10700.00,5016.00,1800.00,250000.00,37130.00,2.10
Bexley__St._Mary's,00ADGT,E05000081,10550.00,4934.00,2000.00,315000.00,44010.00,2.60
Bexley__St._Michael's,00ADGU,E05000082,11250.00,5423.00,1100.00,280000.00,38510.00,2.20
Bexley__Sidcup,00ADGW,E05000083,11000.00,5150.00,6000.00,280000.00,41220.00,3.20
Bexley__Thamesmead_East,00ADGX,E05000084,12550.00,4997.00,4100.00,190000.00,32100.00,2.60
Brent__Alperton,00AEGJ,E05000085,15300.00,6753.00,9000.00,249950.00,31250.00,3.00
Brent__Barnhill,00AEGK,E05000086,16250.00,6768.00,3700.00,333000.00,34630.00,3.00
Brent__Brondesbury_Park,00AEGL,E05000087,13300.00,6646.00,2000.00,465000.00,40020.00,3.80
Brent__Dollis_Hill,00AEGM,E05000088,13650.00,5254.00,6000.00,306000.00,30990.00,2.90
Brent__Dudden_Hill,00AEGN,E05000089,15750.00,6936.00,3700.00,495000.00,33470.00,3.40
Brent__Fryent,00AEGP,E05000090,14150.00,6015.00,4300.00,263750.00,35590.00,2.80
Brent__Harlesden,00AEGQ,E05000091,17500.00,6738.00,2200.00,305500.00,27030.00,3.80
Brent__Kensal_Green,00AEGR,E05000092,15050.00,7330.00,2000.00,500000.00,34640.00,4.10
Brent__Kenton,00AEGS,E05000093,12550.00,5637.00,2900.00,440000.00,42190.00,2.70
Brent__Kilburn,00AEGT,E05000094,17550.00,8518.00,3000.00,444632.00,34270.00,5.50
Brent__Mapesbury,00AEGU,E05000095,16000.00,8290.00,2200.00,450000.00,36830.00,4.50
Brent__Northwick_Park,00AEGW,E05000096,13300.00,6055.00,6700.00,470000.00,41100.00,2.70
Brent__Preston,00AEGX,E05000097,15750.00,6964.00,3900.00,350000.00,35960.00,3.40
Brent__Queens_Park,00AEGY,E05000098,15500.00,8501.00,5100.00,677500.00,42880.00,5.00
Brent__Queensbury,00AEGZ,E05000099,16800.00,6945.00,4600.00,366000.00,35110.00,3.00
Brent__Stonebridge,00AEHA,E05000100,17600.00,5789.00,19800.00,249950.00,25800.00,3.20
Brent__Sudbury,00AEHB,E05000101,15250.00,6931.00,2700.00,249950.00,33530.00,3.30
Brent__Tokyngton,00AEHC,E05000102,18900.00,7164.00,16000.00,322500.00,33130.00,3.50
Brent__Welsh_Harp,00AEHD,E05000103,14000.00,5999.00,1900.00,292475.00,31620.00,2.80
Brent__Wembley_Central,00AEHE,E05000104,16150.00,6963.00,6100.00,250000.00,31040.00,4.90
Brent__Willesden_Green,00AEHF,E05000105,15950.00,7834.00,3700.00,409500.00,31390.00,4.60
Bromley__Bickley,00AFGD,E05000106,15450.00,7004.00,4300.00,480000.00,47190.00,2.40
Bromley__Biggin_Hill,00AFGE,E05000107,10250.00,5104.00,2600.00,269950.00,40930.00,1.80
Bromley__Bromley_Common_and_Keston,00AFGF,E05000108,16250.00,6930.00,5600.00,350000.00,40510.00,2.30
Bromley__Bromley_Town,00AFGG,E05000109,18600.00,8832.00,23200.00,327000.00,43460.00,3.80
Bromley__Chelsfield_and_Pratts_Bottom,00AFGH,E05000110,14800.00,6957.00,3600.00,400000.00,44850.00,2.10
Bromley__Chislehurst,00AFGJ,E05000111,15400.00,6732.00,4800.00,395000.00,46250.00,2.10
Bromley__Clock_House,00AFGK,E05000112,16050.00,8308.00,3400.00,308750.00,41650.00,4.00
Bromley__Copers_Cope,00AFGL,E05000113,15950.00,8569.00,4900.00,315000.00,43170.00,3.30
Bromley__Cray_Valley_East,00AFGM,E05000114,15850.00,6623.00,7300.00,242000.00,32230.00,2.10
Bromley__Cray_Valley_West,00AFGN,E05000115,17150.00,6947.00,4600.00,250000.00,31740.00,2.30
Bromley__Crystal_Palace,00AFGP,E05000116,12950.00,6215.00,1900.00,250000.00,34060.00,4.60
Bromley__Darwin,00AFGQ,E05000117,5300.00,2293.00,1500.00,445000.00,42810.00,1.30
Bromley__Farnborough_and_Crofton,00AFGR,E05000118,14850.00,6412.00,6600.00,395000.00,44590.00,2.50
Bromley__Hayes_and_Coney_Hall,00AFGS,E05000119,16250.00,7529.00,3700.00,441250.00,45660.00,2.30
Bromley__Kelsey_and_Eden_Park,00AFGT,E05000120,16250.00,7470.00,4100.00,421599.00,44700.00,2.70
Bromley__Mottingham_and_Chislehurst_North,00AFGU,E05000121,10300.00,4313.00,1200.00,250000.00,32330.00,2.50
Bromley__Orpington,00AFGW,E05000122,15650.00,6648.00,6100.00,340000.00,38090.00,2.90
Bromley__Penge_and_Cator,00AFGX,E05000123,17900.00,8475.00,5000.00,320000.00,36090.00,4.20
Bromley__Petts_Wood_and_Knoll,00AFGY,E05000124,13950.00,6258.00,2700.00,485000.00,48530.00,2.80
Bromley__Plaistow_and_Sundridge,00AFGZ,E05000125,15600.00,7283.00,3800.00,295444.00,39460.00,2.90
Bromley__Shortlands,00AFHA,E05000126,10150.00,4629.00,1100.00,468000.00,48020.00,2.70
Bromley__West_Wickham,00AFHB,E05000127,15250.00,6917.00,3100.00,475000.00,46210.00,2.20
Camden__Belsize,00AGGD,E05000128,12800.00,6670.00,3200.00,850000.00,52680.00,4.20
Camden__Bloomsbury,00AGGE,E05000129,11700.00,4639.00,70900.00,560000.00,40340.00,8.00
Camden__Camden_Town_with_Primrose_Hill,00AGGF,E05000130,13100.00,6413.00,16100.00,813500.00,45840.00,5.40
Camden__Cantelowes,00AGGG,E05000131,12450.00,5731.00,2800.00,560000.00,39060.00,4.90
Camden__Fortune_Green,00AGGH,E05000132,12100.00,6598.00,2300.00,575000.00,46800.00,4.80
Camden__Frognal_and_Fitzjohns,00AGGJ,E05000133,12250.00,5692.00,5600.00,955000.00,60310.00,4.80
Camden__Gospel_Oak,00AGGK,E05000134,11500.00,5031.00,2800.00,599999.00,39990.00,4.10
Camden__Hampstead_Town,00AGGL,E05000135,11400.00,5750.00,11300.00,1190000.00,62840.00,4.00
Camden__Haverstock,00AGGM,E05000136,12750.00,5401.00,2700.00,547305.00,35730.00,4.70
Camden__Highgate,00AGGN,E05000137,11150.00,5163.00,2500.00,650000.00,47840.00,3.90
Camden__Holborn_and_Covent_Garden,00AGGP,E05000138,13700.00,6266.00,114000.00,685000.00,40180.00,7.90
Camden__Kentish_Town,00AGGQ,E05000139,13850.00,7131.00,11600.00,630100.00,41230.00,5.70
Camden__Kilburn,00AGGR,E05000140,12350.00,5745.00,3900.00,468000.00,34730.00,5.50
Camden__King's_Cross,00AGGS,E05000141,12550.00,4277.00,18200.00,625000.00,32890.00,7.80
Camden__Regent's_Park,00AGGT,E05000142,14700.00,5474.00,33800.00,600000.00,34260.00,6.80
Camden__St._Pancras_and_Somers_Town,00AGGU,E05000143,16200.00,5173.00,17000.00,465000.00,30500.00,7.10
Camden__Swiss_Cottage,00AGGW,E05000144,13200.00,6710.00,4400.00,740500.00,50340.00,6.20
Camden__West_Hampstead,00AGGX,E05000145,12550.00,7259.00,4500.00,622500.00,46290.00,6.00
Croydon__Addiscombe,00AHGE,E05000146,17750.00,8956.00,4000.00,250000.00,38070.00,4.60
Croydon__Ashburton,00AHGF,E05000147,15150.00,6863.00,1800.00,347000.00,38600.00,2.90
Croydon__Bensham_Manor,00AHGG,E05000148,16600.00,7344.00,1800.00,246250.00,33530.00,3.30
Croydon__Broad_Green,00AHGH,E05000149,20050.00,8096.00,11300.00,231000.00,31000.00,4.70
Croydon__Coulsdon_East,00AHGJ,E05000150,12700.00,5534.00,2700.00,375000.00,42660.00,1.90
Croydon__Coulsdon_West,00AHGK,E05000151,14150.00,6565.00,3700.00,361000.00,46610.00,2.50
Croydon__Croham,00AHGL,E05000152,16200.00,8417.00,5100.00,250000.00,42260.00,3.30
Croydon__Fairfield,00AHGM,E05000153,21750.00,8567.00,31500.00,236000.00,39130.00,5.70
Croydon__Fieldway,00AHGN,E05000154,11850.00,3947.00,500.00,220000.00,26720.00,2.90
Croydon__Heathfield,00AHGP,E05000155,13600.00,6385.00,2300.00,260000.00,39770.00,2.30
Croydon__Kenley,00AHGQ,E05000156,15650.00,7217.00,2400.00,340000.00,44160.00,1.90
Croydon__New_Addington,00AHGR,E05000157,11250.00,4273.00,2200.00,245000.00,28770.00,2.70
Croydon__Norbury,00AHGS,E05000158,17100.00,7506.00,2400.00,350000.00,36810.00,3.10
Croydon__Purley,00AHGT,E05000159,15550.00,7086.00,4700.00,320000.00,44600.00,2.90
Croydon__Sanderstead,00AHGU,E05000160,13200.00,5928.00,2100.00,392500.00,47030.00,1.70
Croydon__Selhurst,00AHGW,E05000161,18550.00,7821.00,6700.00,212998.00,31220.00,4.20
Croydon__Selsdon_and_Ballards,00AHGX,E05000162,12200.00,5821.00,2300.00,344000.00,45320.00,2.00
Croydon__Shirley,00AHGY,E05000163,14700.00,6476.00,1800.00,320000.00,39500.00,2.00
Croydon__South_Norwood,00AHGZ,E05000164,16900.00,7805.00,2600.00,240000.00,34430.00,3.90
Croydon__Thornton_Heath,00AHHA,E05000165,16900.00,7275.00,2100.00,250000.00,33720.00,3.30
Croydon__Upper_Norwood,00AHHB,E05000166,16600.00,7616.00,2900.00,289750.00,37430.00,3.00
Croydon__Waddon,00AHHC,E05000167,17650.00,7964.00,7700.00,243250.00,34630.00,3.60
Croydon__West_Thornton,00AHHD,E05000168,18000.00,7397.00,7100.00,235000.00,32400.00,3.10
Croydon__Woodside,00AHHE,E05000169,17100.00,7821.00,1600.00,250000.00,33890.00,3.70
Ealing__Acton_Central,00AJGC,E05000170,15850.00,7576.00,3000.00,570000.00,36500.00,3.10
Ealing__Cleveland,00AJGD,E05000171,14850.00,6625.00,2600.00,500000.00,41730.00,3.00
Ealing__Dormers_Wells,00AJGE,E05000172,14150.00,5600.00,1600.00,265000.00,29350.00,3.30
Ealing__Ealing_Broadway,00AJGF,E05000173,15550.00,7745.00,11900.00,459970.00,45540.00,5.00
Ealing__Ealing_Common,00AJGG,E05000174,14200.00,7687.00,3100.00,536000.00,43600.00,3.60
Ealing__East_Acton,00AJGH,E05000175,19800.00,9269.00,18900.00,390500.00,32930.00,4.00
Ealing__Elthorne,00AJGJ,E05000176,15100.00,7500.00,3900.00,408750.00,38970.00,3.80
Ealing__Greenford_Broadway,00AJGK,E05000177,17750.00,7668.00,4800.00,249000.00,30500.00,3.40
Ealing__Greenford_Green,00AJGL,E05000178,14500.00,7003.00,8800.00,307000.00,35420.00,2.60
Ealing__Hanger_Hill,00AJGM,E05000179,15750.00,7640.00,9400.00,519000.00,44760.00,3.70
Ealing__Hobbayne,00AJGN,E05000180,14300.00,6644.00,1500.00,386250.00,36220.00,3.10
Ealing__Lady_Margaret,00AJGP,E05000181,14100.00,6368.00,1100.00,285000.00,32520.00,3.00
Ealing__Northfield,00AJGQ,E05000182,13700.00,7455.00,2200.00,615000.00,48480.00,3.40
Ealing__North_Greenford,00AJGR,E05000183,14900.00,7263.00,2100.00,345000.00,36480.00,2.60
Ealing__Northolt_Mandeville,00AJGS,E05000184,15350.00,6724.00,4100.00,300000.00,31950.00,3.20
Ealing__Northolt_West_End,00AJGT,E05000185,15200.00,6057.00,1600.00,226111.00,28550.00,2.50
Ealing__Norwood_Green,00AJGU,E05000186,14200.00,5521.00,10200.00,257500.00,29020.00,2.30
Ealing__Perivale,00AJGW,E05000187,15450.00,7544.00,6300.00,367500.00,36040.00,2.30
Ealing__South_Acton,00AJGX,E05000188,16200.00,6938.00,7100.00,440000.00,34300.00,4.60
Ealing__Southall_Broadway,00AJGY,E05000189,16200.00,5425.00,4300.00,250000.00,27930.00,3.20
Ealing__Southall_Green,00AJGZ,E05000190,15200.00,6042.00,3300.00,243000.00,27150.00,3.00
Ealing__Southfield,00AJHA,E05000191,13600.00,7601.00,4800.00,780000.00,50170.00,3.10
Ealing__Walpole,00AJHB,E05000192,13500.00,7364.00,7800.00,612500.00,46240.00,3.80
Enfield__Bowes,00AKGL,E05000193,14550.00,7292.00,1400.00,319995.00,36300.00,3.90
Enfield__Bush_Hill_Park,00AKGM,E05000194,14150.00,6585.00,2200.00,360200.00,41800.00,2.70
Enfield__Chase,00AKGN,E05000195,14000.00,6180.00,4200.00,324000.00,36350.00,2.00
Enfield__Cockfosters,00AKGP,E05000196,14100.00,5885.00,3600.00,472000.00,43570.00,2.60
Enfield__Edmonton_Green,00AKGQ,E05000197,18350.00,6144.00,7500.00,210000.00,26010.00,3.90
Enfield__Enfield_Highway,00AKGR,E05000198,16350.00,6112.00,8600.00,250000.00,29450.00,2.50
Enfield__Enfield_Lock,00AKGS,E05000199,17000.00,6586.00,4100.00,217250.00,30240.00,2.60
Enfield__Grange,00AKGT,E05000200,13300.00,6045.00,5800.00,360000.00,45960.00,3.10
Enfield__Haselbury,00AKGU,E05000201,16500.00,6292.00,1900.00,260000.00,29600.00,3.00
Enfield__Highlands,00AKGW,E05000202,13550.00,6120.00,5300.00,375000.00,43540.00,2.70
Enfield__Jubilee,00AKGX,E05000203,14600.00,5744.00,2300.00,250000.00,30800.00,2.50
Enfield__Lower_Edmonton,00AKGY,E05000204,16700.00,6057.00,3000.00,248000.00,28110.00,3.20
Enfield__Palmers_Green,00AKGZ,E05000205,15650.00,7225.00,3800.00,353500.00,37970.00,2.50
Enfield__Ponders_End,00AKHA,E05000206,17050.00,5902.00,6500.00,248000.00,28560.00,3.30
Enfield__Southbury,00AKHB,E05000207,14950.00,6183.00,11000.00,265000.00,33260.00,3.10
Enfield__Southgate,00AKHC,E05000208,14800.00,6886.00,6100.00,347500.00,41520.00,3.10
Enfield__Southgate_Green,00AKHD,E05000209,14400.00,6464.00,2500.00,500000.00,42750.00,3.90
Enfield__Town,00AKHE,E05000210,15150.00,7349.00,4200.00,350000.00,42300.00,2.60
Enfield__Turkey_Street,00AKHF,E05000211,14700.00,5507.00,2400.00,250000.00,28960.00,2.50
Enfield__Upper_Edmonton,00AKHG,E05000212,18600.00,6599.00,8500.00,250000.00,28480.00,3.40
Enfield__Winchmore_Hill,00AKHH,E05000213,13700.00,6715.00,3700.00,435000.00,45880.00,2.90
Greenwich__Abbey_Wood,00ALGP,E05000214,16200.00,6347.00,1800.00,250000.00,31540.00,3.10
Greenwich__Blackheath_Westcombe,00ALGQ,E05000215,13300.00,6675.00,2800.00,427500.00,49160.00,3.40
Greenwich__Charlton,00ALGR,E05000216,14650.00,6572.00,2400.00,363000.00,37940.00,4.00
Greenwich__Coldharbour_and_New_Eltham,00ALGS,E05000217,13450.00,5957.00,1500.00,325000.00,38390.00,2.90
Greenwich__Eltham_North,00ALGT,E05000218,12900.00,6087.00,3400.00,345000.00,43120.00,2.90
Greenwich__Eltham_South,00ALGU,E05000219,13100.00,5537.00,5500.00,288750.00,37120.00,3.30
Greenwich__Eltham_West,00ALGW,E05000220,12500.00,4374.00,1600.00,315500.00,34250.00,3.10
Greenwich__Glyndon,00ALGX,E05000221,18500.00,7961.00,3500.00,224995.00,31690.00,4.00
Greenwich__Greenwich_West,00ALGY,E05000222,18450.00,8485.00,8000.00,450000.00,42270.00,4.60
Greenwich__Kidbrooke_with_Hornfair,00ALGZ,E05000223,14650.00,6525.00,1600.00,260050.00,35740.00,2.60
Greenwich__Middle_Park_and_Sutcliffe,00ALHA,E05000224,13900.00,5652.00,2100.00,292755.00,35340.00,2.30
Greenwich__Peninsula,00ALHB,E05000225,24500.00,7798.00,11400.00,379000.00,41840.00,4.50
Greenwich__Plumstead,00ALHC,E05000226,17050.00,7282.00,1900.00,249000.00,32390.00,3.60
Greenwich__Shooters_Hill,00ALHD,E05000227,13750.00,6242.00,2000.00,270000.00,39030.00,2.40
Greenwich__Thamesmead_Moorings,00ALHE,E05000228,22200.00,8273.00,5800.00,190000.00,34450.00,2.60
Greenwich__Woolwich_Common,00ALHF,E05000229,19550.00,7113.00,7900.00,267500.00,30260.00,4.00
Greenwich__Woolwich_Riverside,00ALHG,E05000230,23050.00,8681.00,11500.00,266250.00,33540.00,4.50
Hackney__Brownswood,00AMGA,E05000231,13300.00,6334.00,1200.00,440000.00,40070.00,6.10
Hackney__Cazenove,00AMGB,E05000232,13800.00,5744.00,1800.00,375000.00,38130.00,4.70
Hackney__Chatham,00AMGC,E05000233,13950.00,5930.00,6600.00,415000.00,32510.00,5.80
Hackney__Clissold,00AMGD,E05000234,12650.00,6683.00,1600.00,499950.00,45450.00,3.60
Hackney__Dalston,00AMGE,E05000235,15950.00,8021.00,5100.00,485000.00,38230.00,6.00
Hackney__De_Beauvoir,00AMGF,E05000236,15200.00,7456.00,4200.00,480000.00,39060.00,4.90
Hackney__Hackney_Central,00AMGG,E05000237,13200.00,6240.00,6900.00,450000.00,35260.00,6.70
Hackney__Hackney_Downs,00AMGH,E05000238,13400.00,6214.00,1400.00,433000.00,35700.00,5.50
Hackney__Haggerston,00AMGJ,E05000239,15250.00,7346.00,34000.00,452500.00,36080.00,5.70
Hackney__Hoxton,00AMGK,E05000240,16300.00,7412.00,10100.00,475000.00,34970.00,5.80
Hackney__King's_Park,00AMGL,E05000241,11650.00,4166.00,n/a,383000.00,31970.00,2.90
Hackney__Leabridge,00AMGM,E05000242,14600.00,6620.00,1600.00,375000.00,35110.00,4.30
Hackney__Lordship,00AMGN,E05000243,12700.00,5089.00,2400.00,420000.00,39940.00,3.70
Hackney__New_River,00AMGP,E05000244,14500.00,4631.00,3500.00,340000.00,35590.00,5.00
Hackney__Queensbridge,00AMGQ,E05000245,14450.00,6868.00,4100.00,465000.00,36720.00,4.80
Hackney__Springfield,00AMGR,E05000246,12800.00,3994.00,1900.00,285000.00,33570.00,3.20
Hackney__Stoke_Newington_Central,00AMGS,E05000247,13050.00,7032.00,3200.00,483125.00,42400.00,5.30
Hackney__Victoria,00AMGT,E05000248,13750.00,6251.00,2400.00,471250.00,37350.00,4.70
Hackney__Wick,00AMGU,E05000249,12350.00,4949.00,n/a,340000.00,32890.00,3.90
Hammersmith_and_Fulham__Addison,00ANGA,E05000250,11650.00,6873.00,5200.00,572500.00,43970.00,6.50
Hammersmith_and_Fulham__Askew,00ANGB,E05000251,14300.00,7621.00,2000.00,500000.00,38450.00,3.60
Hammersmith_and_Fulham__Avonmore_and_Brook_Green,00ANGC,E05000252,12700.00,6573.00,11300.00,618250.00,43350.00,6.00
Hammersmith_and_Fulham__College_Park_and_Old_Oak,00ANGD,E05000253,10700.00,4075.00,15400.00,458000.00,30890.00,4.90
Hammersmith_and_Fulham__Fulham_Broadway,00ANGE,E05000254,11550.00,6064.00,4300.00,805000.00,42130.00,5.40
Hammersmith_and_Fulham__Fulham_Reach,00ANGF,E05000255,11800.00,6331.00,7200.00,786250.00,42010.00,4.20
Hammersmith_and_Fulham__Hammersmith_Broadway,00ANGG,E05000256,12250.00,6161.00,31300.00,741250.00,39500.00,6.00
Hammersmith_and_Fulham__Munster,00ANGH,E05000257,11150.00,6462.00,2200.00,745000.00,50240.00,3.70
Hammersmith_and_Fulham__North_End,00ANGJ,E05000258,12650.00,6805.00,4900.00,558000.00,39510.00,5.20
Hammersmith_and_Fulham__Palace_Riverside,00ANGK,E05000259,7600.00,3720.00,3500.00,950000.00,53330.00,3.70
Hammersmith_and_Fulham__Parsons_Green_and_Walham,00ANGL,E05000260,10850.00,5716.00,7400.00,1330000.00,55720.00,4.70
Hammersmith_and_Fulham__Ravenscourt_Park,00ANGM,E05000261,11000.00,5531.00,4800.00,704000.00,45510.00,4.00
Hammersmith_and_Fulham__Sands_End,00ANGN,E05000262,13550.00,6518.00,7000.00,827750.00,44170.00,3.40
Hammersmith_and_Fulham__Shepherd's_Bush_Green,00ANGP,E05000263,12950.00,6797.00,16100.00,440000.00,36430.00,5.60
Hammersmith_and_Fulham__Town,00ANGQ,E05000264,11350.00,6512.00,7000.00,690000.00,47940.00,4.60
Hammersmith_and_Fulham__Wormholt_and_White_City,00ANGR,E05000265,13750.00,5694.00,1000.00,427500.00,31860.00,3.20
Haringey__Alexandra,00APGA,E05000266,12050.00,6189.00,1800.00,625000.00,51450.00,3.30
Haringey__Bounds_Green,00APGB,E05000267,14400.00,6822.00,2300.00,332350.00,34550.00,4.90
Haringey__Bruce_Grove,00APGC,E05000268,15050.00,6192.00,2000.00,325000.00,30340.00,4.50
Haringey__Crouch_End,00APGD,E05000269,12800.00,7537.00,3700.00,563750.00,52070.00,3.40
Haringey__Fortis_Green,00APGE,E05000270,13000.00,6423.00,2700.00,465000.00,49950.00,3.10
Haringey__Harringay,00APGF,E05000271,14100.00,7404.00,2600.00,430000.00,37150.00,5.30
Haringey__Highgate,00APGG,E05000272,12100.00,6704.00,3300.00,732500.00,53710.00,4.00
Haringey__Hornsey,00APGH,E05000273,13100.00,6753.00,3300.00,419000.00,40260.00,3.40
Haringey__Muswell_Hill,00APGJ,E05000274,11050.00,5922.00,3100.00,820000.00,53910.00,3.20
Haringey__Noel_Park,00APGK,E05000275,14700.00,6382.00,6300.00,350000.00,30620.00,6.10
Haringey__Northumberland_Park,00APGL,E05000276,15150.00,4914.00,8200.00,252500.00,25090.00,4.10
Haringey__St._Ann's,00APGM,E05000277,16100.00,7038.00,2300.00,370000.00,32460.00,3.90
Haringey__Seven_Sisters,00APGN,E05000278,16650.00,6671.00,3400.00,372500.00,33500.00,4.70
Haringey__Stroud_Green,00APGP,E05000279,12250.00,6982.00,1400.00,477500.00,44780.00,4.60
Haringey__Tottenham_Green,00APGQ,E05000280,15900.00,6379.00,4600.00,326500.00,28920.00,5.80
Haringey__Tottenham_Hale,00APGR,E05000281,17300.00,5816.00,6000.00,251500.00,27340.00,4.70
Haringey__West_Green,00APGS,E05000282,14050.00,5989.00,2100.00,350000.00,31110.00,4.10
Haringey__White_Hart_Lane,00APGT,E05000283,13950.00,4726.00,1200.00,267000.00,27010.00,3.30
Haringey__Woodside,00APGU,E05000284,15400.00,6992.00,4800.00,345000.00,32010.00,4.70
Harrow__Belmont,00AQFY,E05000285,11650.00,5355.00,1500.00,435000.00,42380.00,2.00
Harrow__Canons,00AQFZ,E05000286,13500.00,5566.00,5200.00,402500.00,39890.00,2.70
Harrow__Edgware,00AQGA,E05000287,12050.00,5458.00,2800.00,357500.00,33600.00,2.90
Harrow__Greenhill,00AQGB,E05000288,13100.00,6427.00,18800.00,272000.00,37550.00,4.60
Harrow__Harrow_on_the_Hill,00AQGC,E05000289,12850.00,5651.00,4900.00,343000.00,39630.00,3.10
Harrow__Harrow_Weald,00AQGD,E05000290,11650.00,4964.00,2200.00,384000.00,36940.00,2.80
Harrow__Hatch_End,00AQGE,E05000291,10950.00,4812.00,2800.00,500000.00,42350.00,2.30
Harrow__Headstone_North,00AQGF,E05000292,10400.00,4873.00,2000.00,427500.00,44470.00,2.70
Harrow__Headstone_South,00AQGG,E05000293,11600.00,5406.00,2200.00,322500.00,39090.00,3.10
Harrow__Kenton_East,00AQGH,E05000294,11500.00,5251.00,1300.00,380000.00,32880.00,2.50
Harrow__Kenton_West,00AQGJ,E05000295,11550.00,5430.00,3300.00,434475.00,38400.00,2.90
Harrow__Marlborough,00AQGK,E05000296,13000.00,5758.00,2900.00,268950.00,34450.00,3.80
Harrow__Pinner,00AQGL,E05000297,10300.00,4466.00,3100.00,400000.00,43950.00,1.80
Harrow__Pinner_South,00AQGM,E05000298,10650.00,4833.00,1900.00,520000.00,49420.00,2.20
Harrow__Queensbury,00AQGN,E05000299,12350.00,5490.00,1600.00,390000.00,35030.00,2.60
Harrow__Rayners_Lane,00AQGP,E05000300,11450.00,5206.00,2200.00,380000.00,40310.00,3.20
Harrow__Roxbourne,00AQGQ,E05000301,13150.00,5469.00,1900.00,290000.00,32130.00,3.00
Harrow__Roxeth,00AQGR,E05000302,12000.00,5288.00,1600.00,355000.00,35110.00,3.00
Harrow__Stanmore_Park,00AQGS,E05000303,11450.00,4637.00,3700.00,555000.00,39210.00,2.10
Harrow__Wealdstone,00AQGT,E05000304,11700.00,4869.00,2200.00,310000.00,32080.00,3.30
Harrow__West_Harrow,00AQGU,E05000305,10700.00,4949.00,3700.00,363500.00,40210.00,3.20
Havering__Brooklands,00ARGC,E05000306,17100.00,7118.00,10000.00,207500.00,35250.00,2.90
Havering__Cranham,00ARGD,E05000307,12650.00,5608.00,1900.00,320000.00,42250.00,2.30
Havering__Elm_Park,00ARGE,E05000308,12700.00,5738.00,1200.00,250000.00,34730.00,2.60
Havering__Emerson_Park,00ARGF,E05000309,12100.00,5549.00,2200.00,365000.00,43790.00,2.00
Havering__Gooshays,00ARGG,E05000310,15400.00,5909.00,2200.00,229000.00,29400.00,2.60
Havering__Hacton,00ARGH,E05000311,12600.00,5919.00,2100.00,296500.00,39740.00,2.40
Havering__Harold_Wood,00ARGJ,E05000312,13750.00,5946.00,5900.00,250000.00,37010.00,2.40
Havering__Havering_Park,00ARGK,E05000313,13200.00,5645.00,1700.00,250000.00,33590.00,2.10
Havering__Heaton,00ARGL,E05000314,13200.00,4946.00,2400.00,217000.00,29560.00,2.10
Havering__Hylands,00ARGM,E05000315,13150.00,6483.00,3500.00,275000.00,39890.00,2.10
Havering__Mawneys,00ARGN,E05000316,13100.00,5907.00,2100.00,250000.00,35820.00,2.50
Havering__Pettits,00ARGP,E05000317,13050.00,6030.00,2200.00,295000.00,40010.00,2.20
Havering__Rainham_and_Wennington,00ARGQ,E05000318,13150.00,5738.00,4800.00,240000.00,34470.00,2.00
Havering__Romford_Town,00ARGR,E05000319,18700.00,8096.00,16500.00,225000.00,37160.00,4.20
Havering__St._Andrew's,00ARGS,E05000320,13650.00,6366.00,5600.00,272500.00,38130.00,3.20
Havering__South_Hornchurch,00ARGT,E05000321,16550.00,5953.00,4800.00,242000.00,33160.00,2.50
Havering__Squirrel's_Heath,00ARGU,E05000322,13400.00,6722.00,2600.00,280250.00,41740.00,2.60
Havering__Upminster,00ARGW,E05000323,12950.00,5951.00,5400.00,420000.00,47580.00,1.90
Hillingdon__Barnhill,00ASGG,E05000324,14050.00,5775.00,1500.00,250000.00,31800.00,2.40
Hillingdon__Botwell,00ASGH,E05000325,15950.00,6346.00,11800.00,250000.00,30700.00,3.10
Hillingdon__Brunel,00ASGJ,E05000326,14750.00,5848.00,8900.00,273750.00,34630.00,2.40
Hillingdon__Cavendish,00ASGK,E05000327,12100.00,5755.00,2500.00,400000.00,43970.00,2.10
Hillingdon__Charville,00ASGL,E05000328,13200.00,5794.00,4100.00,275000.00,35410.00,2.40
Hillingdon__Eastcote_and_East_Ruislip,00ASGM,E05000329,12600.00,5804.00,2500.00,500000.00,47380.00,1.70
Hillingdon__Harefield,00ASGN,E05000330,7750.00,3571.00,4400.00,310000.00,37990.00,1.40
Hillingdon__Heathrow_Villages,00ASGP,E05000331,13250.00,6107.00,57300.00,209000.00,33170.00,2.60
Hillingdon__Hillingdon_East,00ASGQ,E05000332,13700.00,6074.00,5400.00,311000.00,37250.00,1.70
Hillingdon__Ickenham,00ASGR,E05000333,10750.00,4884.00,2800.00,521000.00,48770.00,2.10
Hillingdon__Manor,00ASGS,E05000334,11900.00,5903.00,1900.00,372500.00,43460.00,2.90
Hillingdon__Northwood,00ASGT,E05000335,10850.00,4860.00,5100.00,470000.00,46550.00,2.20
Hillingdon__Northwood_Hills,00ASGU,E05000336,12050.00,5475.00,2600.00,413500.00,43320.00,2.00
Hillingdon__Pinkwell,00ASGW,E05000337,15750.00,6417.00,3200.00,280000.00,31830.00,2.70
Hillingdon__South_Ruislip,00ASGX,E05000338,12950.00,6448.00,6000.00,305000.00,40060.00,2.50
Hillingdon__Townfield,00ASGY,E05000339,14900.00,5977.00,7400.00,280000.00,30430.00,3.10
Hillingdon__Uxbridge_North,00ASGZ,E05000340,13100.00,5903.00,9200.00,349950.00,41470.00,2.40
Hillingdon__Uxbridge_South,00ASHA,E05000341,15000.00,6133.00,46500.00,259000.00,34270.00,2.50
Hillingdon__West_Drayton,00ASHB,E05000342,15250.00,6519.00,2400.00,249997.00,32680.00,2.40
Hillingdon__West_Ruislip,00ASHC,E05000343,11600.00,5421.00,5100.00,335000.00,43470.00,2.20
Hillingdon__Yeading,00ASHD,E05000344,14250.00,5981.00,1600.00,250000.00,33240.00,1.90
Hillingdon__Yiewsley,00ASHE,E05000345,13750.00,6051.00,7600.00,225000.00,32340.00,2.50
Hounslow__Bedfont,00ATFY,E05000346,12950.00,6105.00,9400.00,229000.00,31870.00,2.10
Hounslow__Brentford,00ATFZ,E05000347,15800.00,7043.00,11500.00,370000.00,35040.00,3.20
Hounslow__Chiswick_Homefields,00ATGA,E05000348,11650.00,6077.00,6800.00,772500.00,51830.00,3.60
Hounslow__Chiswick_Riverside,00ATGB,E05000349,11700.00,6201.00,2200.00,650000.00,49680.00,2.80
Hounslow__Cranford,00ATGC,E05000350,12750.00,5548.00,5600.00,226500.00,30860.00,2.40
Hounslow__Feltham_North,00ATGD,E05000351,11850.00,5500.00,8200.00,270000.00,32850.00,2.90
Hounslow__Feltham_West,00ATGE,E05000352,15800.00,7666.00,4900.00,225000.00,34010.00,2.40
Hounslow__Hanworth,00ATGF,E05000353,12400.00,5265.00,3500.00,250000.00,31150.00,2.60
Hounslow__Hanworth_Park,00ATGG,E05000354,12250.00,5614.00,8900.00,250000.00,34340.00,2.60
Hounslow__Heston_Central,00ATGH,E05000355,12600.00,5584.00,1400.00,348000.00,33580.00,2.90
Hounslow__Heston_East,00ATGJ,E05000356,12700.00,5745.00,3200.00,248000.00,34030.00,2.30
Hounslow__Heston_West,00ATGK,E05000357,12750.00,5161.00,5200.00,280000.00,29490.00,2.30
Hounslow__Hounslow_Central,00ATGL,E05000358,16200.00,7795.00,12000.00,249950.00,35830.00,5.10
Hounslow__Hounslow_Heath,00ATGM,E05000359,15250.00,6878.00,3200.00,249950.00,32530.00,3.20
Hounslow__Hounslow_South,00ATGN,E05000360,11700.00,5767.00,1100.00,375000.00,39920.00,2.50
Hounslow__Hounslow_West,00ATGP,E05000361,13750.00,6288.00,3500.00,270000.00,31890.00,3.90
Hounslow__Isleworth,00ATGQ,E05000362,12150.00,5827.00,4500.00,301000.00,34790.00,2.40
Hounslow__Osterley_and_Spring_Grove,00ATGR,E05000363,13350.00,6844.00,19500.00,345500.00,42140.00,2.80
Hounslow__Syon,00ATGS,E05000364,14200.00,7063.00,8300.00,365000.00,37040.00,3.60
Hounslow__Turnham_Green,00ATGT,E05000365,11800.00,6354.00,20500.00,634000.00,47080.00,4.40
Islington__Barnsbury,00AUFX,E05000366,12950.00,6292.00,6600.00,715000.00,44970.00,5.70
Islington__Bunhill,00AUFY,E05000367,16700.00,6889.00,68100.00,640000.00,39200.00,7.10
Islington__Caledonian,00AUFZ,E05000368,14950.00,6494.00,17000.00,447500.00,35840.00,5.30
Islington__Canonbury,00AUGA,E05000369,12500.00,6103.00,1600.00,550000.00,40590.00,6.50
Islington__Clerkenwell,00AUGB,E05000370,12350.00,5721.00,58100.00,732500.00,43350.00,6.90
Islington__Finsbury_Park,00AUGC,E05000371,15300.00,6862.00,7100.00,410000.00,33620.00,6.60
Islington__Highbury_East,00AUGD,E05000372,12150.00,6350.00,3300.00,667500.00,47810.00,4.70
Islington__Highbury_West,00AUGE,E05000373,16400.00,8745.00,5000.00,500000.00,43800.00,5.70
Islington__Hillrise,00AUGF,E05000374,12350.00,5560.00,1100.00,447500.00,39090.00,4.20
Islington__Holloway,00AUGG,E05000375,16050.00,7305.00,4500.00,405000.00,35430.00,5.90
Islington__Junction,00AUGH,E05000376,12950.00,6085.00,9600.00,452000.00,39470.00,6.00
Islington__Mildmay,00AUGJ,E05000377,13500.00,6556.00,1700.00,525000.00,39300.00,6.10
Islington__St._George's,00AUGK,E05000378,13100.00,6282.00,2300.00,495645.00,40860.00,4.50
Islington__St._Mary's,00AUGL,E05000379,12500.00,6476.00,12700.00,650000.00,46190.00,6.70
Islington__St._Peter's,00AUGM,E05000380,13200.00,6277.00,7300.00,667500.00,43870.00,5.30
Islington__Tollington,00AUGN,E05000381,13900.00,6770.00,2500.00,465000.00,38090.00,4.50
Kensington_and_Chelsea__Abingdon,00AWFY,E05000382,10700.00,4823.00,6900.00,1295000.00,54690.00,6.50
Kensington_and_Chelsea__Brompton,00AWFZ,E05000383,8900.00,4465.00,24800.00,1950000.00,64320.00,6.80
Kensington_and_Chelsea__Campden,00AWGA,E05000384,8250.00,4206.00,7700.00,1400000.00,65500.00,6.80
Kensington_and_Chelsea__Colville,00AWGB,E05000385,8400.00,4457.00,4200.00,935000.00,43560.00,5.40
Kensington_and_Chelsea__Courtfield,00AWGC,E05000386,9100.00,4535.00,4800.00,1325000.00,61810.00,6.90
Kensington_and_Chelsea__Cremorne,00AWGD,E05000387,8250.00,3470.00,3600.00,1050000.00,43920.00,4.70
Kensington_and_Chelsea__Earl's_Court,00AWGE,E05000388,9300.00,4973.00,5300.00,783250.00,44100.00,7.00
Kensington_and_Chelsea__Golborne,00AWGF,E05000389,9600.00,3768.00,5300.00,533800.00,30100.00,4.50
Kensington_and_Chelsea__Hans_Town,00AWGG,E05000390,8850.00,4424.00,8100.00,1587500.00,58100.00,6.60
Kensington_and_Chelsea__Holland,00AWGH,E05000391,9850.00,4586.00,3100.00,1375000.00,54770.00,6.00
Kensington_and_Chelsea__Norland,00AWGJ,E05000392,8750.00,3961.00,4600.00,1343000.00,53430.00,5.40
Kensington_and_Chelsea__Notting_Barns,00AWGK,E05000393,9750.00,4036.00,5300.00,776000.00,36690.00,4.20
Kensington_and_Chelsea__Pembridge,00AWGL,E05000394,7700.00,4288.00,3900.00,1127500.00,55710.00,7.00
Kensington_and_Chelsea__Queen's_Gate,00AWGM,E05000395,9950.00,4971.00,13300.00,1745000.00,63630.00,6.00
Kensington_and_Chelsea__Redcliffe,00AWGN,E05000396,9300.00,5131.00,2800.00,995000.00,54550.00,6.20
Kensington_and_Chelsea__Royal_Hospital,00AWGP,E05000397,7350.00,3539.00,5300.00,1995000.00,60600.00,5.00
Kensington_and_Chelsea__St._Charles,00AWGQ,E05000398,9600.00,4126.00,3000.00,642500.00,36100.00,3.80
Kensington_and_Chelsea__Stanley,00AWGR,E05000399,8250.00,4239.00,13500.00,1100000.00,54990.00,5.60
Kingston_upon_Thames__Alexandra,00AXFX,E05000400,9700.00,4464.00,2500.00,404975.00,41390.00,2.20
Kingston_upon_Thames__Berrylands,00AXFY,E05000401,9800.00,4813.00,2000.00,361125.00,42330.00,2.80
Kingston_upon_Thames__Beverley,00AXFZ,E05000402,10450.00,4807.00,4500.00,435000.00,40700.00,2.80
Kingston_upon_Thames__Canbury,00AXGA,E05000403,13300.00,6529.00,5200.00,449500.00,45600.00,4.10
Kingston_upon_Thames__Chessington_North_and_Hook,00AXGB,E05000404,9000.00,4334.00,2000.00,310000.00,37230.00,2.40
Kingston_upon_Thames__Chessington_South,00AXGC,E05000405,10550.00,5291.00,5300.00,315000.00,38310.00,2.40
Kingston_upon_Thames__Coombe_Hill,00AXGD,E05000406,10750.00,4458.00,7200.00,480000.00,45650.00,2.50
Kingston_upon_Thames__Coombe_Vale,00AXGE,E05000407,10050.00,4619.00,1900.00,480000.00,44320.00,2.30
Kingston_upon_Thames__Grove,00AXGF,E05000408,11800.00,5683.00,23000.00,400000.00,41410.00,4.20
Kingston_upon_Thames__Norbiton,00AXGG,E05000409,10600.00,4973.00,4000.00,341750.00,34650.00,3.60
Kingston_upon_Thames__Old_Malden,00AXGH,E05000410,9700.00,4501.00,1100.00,395725.00,41760.00,2.70
Kingston_upon_Thames__St._James,00AXGJ,E05000411,9250.00,4061.00,2000.00,443568.00,41850.00,2.60
Kingston_upon_Thames__St._Mark's,00AXGK,E05000412,10900.00,5872.00,4300.00,395350.00,44930.00,3.70
Kingston_upon_Thames__Surbiton_Hill,00AXGL,E05000413,10950.00,5705.00,2100.00,396770.00,43160.00,3.30
Kingston_upon_Thames__Tolworth_and_Hook_Rise,00AXGM,E05000414,10650.00,4993.00,5200.00,337195.00,37840.00,2.30
Kingston_upon_Thames__Tudor,00AXGN,E05000415,9850.00,4674.00,1900.00,550000.00,48530.00,2.30
Lambeth__Bishop's,00AYFZ,E05000416,11400.00,5119.00,43400.00,590000.00,40360.00,7.60
Lambeth__Brixton_Hill,00AYGA,E05000417,16650.00,9214.00,3900.00,420000.00,39050.00,4.90
Lambeth__Clapham_Common,00AYGB,E05000418,13600.00,8007.00,8200.00,620000.00,49520.00,4.10
Lambeth__Clapham_Town,00AYGC,E05000419,14850.00,8628.00,6200.00,610000.00,44960.00,5.10
Lambeth__Coldharbour,00AYGD,E05000420,17500.00,7874.00,5500.00,435000.00,32220.00,5.40
Lambeth__Ferndale,00AYGE,E05000421,16400.00,9406.00,4600.00,497475.00,39480.00,6.30
Lambeth__Gipsy_Hill,00AYGF,E05000422,13900.00,6633.00,2000.00,350000.00,36650.00,3.70
Lambeth__Herne_Hill,00AYGG,E05000423,15600.00,8459.00,12000.00,432500.00,41700.00,4.50
Lambeth__Knight's_Hill,00AYGH,E05000424,15200.00,6876.00,2700.00,355000.00,36950.00,4.10
Lambeth__Larkhall,00AYGJ,E05000425,18000.00,9777.00,4700.00,430000.00,37260.00,5.20
Lambeth__Oval,00AYGK,E05000426,16600.00,8847.00,12700.00,699995.00,39200.00,6.90
Lambeth__Prince's,00AYGL,E05000427,15400.00,7480.00,15600.00,495000.00,37600.00,6.30
Lambeth__St._Leonard's,00AYGM,E05000428,15200.00,8292.00,3700.00,340000.00,39880.00,5.90
Lambeth__Stockwell,00AYGN,E05000429,15250.00,7863.00,2800.00,391375.00,35050.00,5.40
Lambeth__Streatham_Hill,00AYGP,E05000430,15150.00,7798.00,1800.00,359000.00,39250.00,5.30
Lambeth__Streatham_South,00AYGQ,E05000431,14750.00,6900.00,1500.00,375000.00,36710.00,4.10
Lambeth__Streatham_Wells,00AYGR,E05000432,15250.00,8008.00,2700.00,345875.00,38270.00,4.40
Lambeth__Thornton,00AYGS,E05000433,14000.00,6647.00,1600.00,511250.00,41880.00,3.50
Lambeth__Thurlow_Park,00AYGT,E05000434,13800.00,7074.00,2300.00,412748.00,41600.00,5.00
Lambeth__Tulse_Hill,00AYGU,E05000435,16250.00,8054.00,1800.00,417000.00,35610.00,4.40
Lambeth__Vassall,00AYGW,E05000436,15600.00,7157.00,3400.00,395000.00,34830.00,4.40
Lewisham__Bellingham,00AZGD,E05000437,15300.00,6198.00,4700.00,265000.00,31340.00,3.00
Lewisham__Blackheath,00AZGE,E05000438,15000.00,7360.00,5600.00,385000.00,44870.00,4.90
Lewisham__Brockley,00AZGF,E05000439,18550.00,9571.00,5200.00,330000.00,38100.00,5.80
Lewisham__Catford_South,00AZGG,E05000440,15650.00,7172.00,3100.00,332500.00,39070.00,3.30
Lewisham__Crofton_Park,00AZGH,E05000441,15350.00,7876.00,2300.00,455000.00,42560.00,4.10
Lewisham__Downham,00AZGJ,E05000442,15000.00,5793.00,2200.00,242500.00,30880.00,3.30
Lewisham__Evelyn,00AZGK,E05000443,18550.00,7482.00,3200.00,315000.00,30560.00,3.10
Lewisham__Forest_Hill,00AZGL,E05000444,15300.00,7528.00,2700.00,340000.00,40960.00,4.00
Lewisham__Grove_Park,00AZGM,E05000445,15100.00,6764.00,1600.00,250000.00,36150.00,3.20
Lewisham__Ladywell,00AZGN,E05000446,15200.00,7447.00,1600.00,370000.00,40290.00,4.50
Lewisham__Lee_Green,00AZGP,E05000447,15050.00,7639.00,2600.00,402500.00,42760.00,3.60
Lewisham__Lewisham_Central,00AZGQ,E05000448,20250.00,8895.00,10900.00,290000.00,35760.00,5.20
Lewisham__New_Cross,00AZGR,E05000449,17650.00,7520.00,5500.00,242000.00,31520.00,4.40
Lewisham__Perry_Vale,00AZGS,E05000450,16050.00,7946.00,1400.00,355000.00,39130.00,3.40
Lewisham__Rushey_Green,00AZGT,E05000451,16650.00,6818.00,6400.00,270000.00,34670.00,5.20
Lewisham__Sydenham,00AZGU,E05000452,16150.00,7327.00,2700.00,350000.00,37060.00,4.10
Lewisham__Telegraph_Hill,00AZGW,E05000453,17250.00,8512.00,2300.00,360000.00,37230.00,5.20
Lewisham__Whitefoot,00AZGX,E05000454,15050.00,5802.00,1200.00,248000.00,32840.00,2.80
Merton__Abbey,00BAFX,E05000455,10600.00,6284.00,10800.00,482500.00,45370.00,5.10
Merton__Cannon_Hill,00BAFY,E05000456,9500.00,4665.00,1300.00,455000.00,42320.00,2.60
Merton__Colliers_Wood,00BAFZ,E05000457,11250.00,6385.00,3400.00,350000.00,38780.00,3.90
Merton__Cricket_Green,00BAGA,E05000458,11800.00,4967.00,5400.00,245000.00,29930.00,2.90
Merton__Dundonald,00BAGB,E05000459,9650.00,5683.00,5300.00,565000.00,49910.00,4.90
Merton__Figge's_Marsh,00BAGC,E05000460,11700.00,5036.00,1800.00,250000.00,30860.00,3.60
Merton__Graveney,00BAGD,E05000461,10100.00,4981.00,1600.00,388000.00,35580.00,3.40
Merton__Hillside,00BAGE,E05000462,9250.00,5194.00,8600.00,563750.00,51480.00,5.40
Merton__Lavender_Fields,00BAGF,E05000463,10650.00,5393.00,1600.00,280000.00,33360.00,2.70
Merton__Longthornton,00BAGG,E05000464,10500.00,4737.00,900.00,295000.00,34350.00,2.80
Merton__Lower_Morden,00BAGH,E05000465,9350.00,4660.00,2100.00,320000.00,38730.00,2.20
Merton__Merton_Park,00BAGJ,E05000466,9750.00,4702.00,4100.00,522500.00,46300.00,3.80
Merton__Pollards_Hill,00BAGK,E05000467,10800.00,4560.00,800.00,288000.00,31940.00,2.60
Merton__Ravensbury,00BAGL,E05000468,10250.00,4489.00,1800.00,285000.00,32330.00,2.90
Merton__Raynes_Park,00BAGM,E05000469,10000.00,5072.00,8300.00,499500.00,49340.00,3.80
Merton__St._Helier,00BAGN,E05000470,10650.00,4703.00,2000.00,280000.00,32530.00,3.10
Merton__Trinity,00BAGP,E05000471,10000.00,5925.00,6900.00,497000.00,47380.00,3.90
Merton__Village,00BAGQ,E05000472,8750.00,3730.00,5200.00,1530000.00,62200.00,2.40
Merton__West_Barnes,00BAGR,E05000473,10200.00,4990.00,4100.00,475000.00,44170.00,2.90
Merton__Wimbledon_Park,00BAGS,E05000474,11500.00,6198.00,5200.00,732500.00,50730.00,3.10
Newham__Beckton,00BBGB,E05000475,16700.00,6682.00,10700.00,233500.00,34100.00,2.80
Newham__Boleyn,00BBGC,E05000476,16350.00,6291.00,2900.00,250000.00,31630.00,4.00
Newham__Canning_Town_North,00BBGD,E05000477,16650.00,6103.00,7100.00,249000.00,28910.00,4.70
Newham__Canning_Town_South,00BBGE,E05000478,20350.00,7403.00,2700.00,280000.00,32870.00,3.60
Newham__Custom_House,00BBGF,E05000479,14850.00,5839.00,3300.00,250000.00,31840.00,3.20
Newham__East_Ham_Central,00BBGG,E05000480,16200.00,6503.00,3900.00,250000.00,32380.00,4.70
Newham__East_Ham_North,00BBGH,E05000481,14250.00,5482.00,2000.00,249995.00,32340.00,4.40
Newham__East_Ham_South,00BBGJ,E05000482,16250.00,5952.00,2600.00,240000.00,31430.00,2.60
Newham__Forest_Gate_North,00BBGK,E05000483,16550.00,7545.00,1600.00,313000.00,34270.00,3.20
Newham__Forest_Gate_South,00BBGL,E05000484,18150.00,7985.00,3400.00,263900.00,34550.00,3.90
Newham__Green_Street_East,00BBGM,E05000485,16250.00,6341.00,1800.00,260000.00,31570.00,3.70
Newham__Green_Street_West,00BBGN,E05000486,15500.00,5873.00,4100.00,250000.00,31080.00,4.00
Newham__Little_Ilford,00BBGP,E05000487,17100.00,5774.00,1600.00,230000.00,29730.00,2.70
Newham__Manor_Park,00BBGQ,E05000488,15600.00,5936.00,1900.00,249975.00,31580.00,4.00
Newham__Plaistow_North,00BBGR,E05000489,15800.00,6260.00,1700.00,250000.00,30740.00,4.40
Newham__Plaistow_South,00BBGS,E05000490,16800.00,6921.00,4900.00,250000.00,31750.00,4.40
Newham__Royal_Docks,00BBGT,E05000491,16550.00,5750.00,6100.00,303500.00,38580.00,2.80
Newham__Stratford_and_New_Town,00BBGU,E05000492,26700.00,9665.00,24800.00,280000.00,35840.00,5.80
Newham__Wall_End,00BBGW,E05000493,15150.00,5786.00,1300.00,250000.00,32330.00,3.70
Newham__West_Ham,00BBGX,E05000494,16150.00,7002.00,1800.00,273500.00,32310.00,4.70
Redbridge__Aldborough,00BCFY,E05000495,15800.00,6327.00,4300.00,315000.00,37310.00,2.70
Redbridge__Barkingside,00BCFZ,E05000496,13150.00,5513.00,2400.00,368750.00,39620.00,3.20
Redbridge__Bridge,00BCGA,E05000497,11850.00,5683.00,2100.00,340000.00,39320.00,2.50
Redbridge__Chadwell,00BCGB,E05000498,14850.00,6343.00,2500.00,250000.00,36700.00,2.40
Redbridge__Church_End,00BCGC,E05000499,11900.00,6381.00,4500.00,340000.00,45410.00,2.70
Redbridge__Clayhall,00BCGD,E05000500,13600.00,5723.00,3700.00,390000.00,41450.00,2.30
Redbridge__Clementswood,00BCGE,E05000501,16950.00,5459.00,8500.00,235000.00,30230.00,3.40
Redbridge__Cranbrook,00BCGF,E05000502,13300.00,5349.00,3200.00,367500.00,38290.00,3.80
Redbridge__Fairlop,00BCGG,E05000503,12900.00,5906.00,3000.00,310000.00,37560.00,2.80
Redbridge__Fullwell,00BCGH,E05000504,13150.00,5407.00,2000.00,339498.00,35690.00,2.40
Redbridge__Goodmayes,00BCGJ,E05000505,13400.00,5407.00,2300.00,307000.00,33820.00,3.70
Redbridge__Hainault,00BCGK,E05000506,13550.00,5304.00,3500.00,249999.00,31520.00,2.40
Redbridge__Loxford,00BCGL,E05000507,17700.00,5618.00,3200.00,193000.00,28500.00,3.40
Redbridge__Mayfield,00BCGM,E05000508,13950.00,5561.00,2100.00,305000.00,35630.00,2.70
Redbridge__Monkhams,00BCGN,E05000509,10650.00,4950.00,3100.00,499748.00,48780.00,2.60
Redbridge__Newbury,00BCGP,E05000510,17450.00,6931.00,3600.00,315000.00,35550.00,3.10
Redbridge__Roding,00BCGQ,E05000511,12550.00,5951.00,2100.00,302500.00,41040.00,2.50
Redbridge__Seven_Kings,00BCGR,E05000512,16950.00,6066.00,6800.00,294000.00,34480.00,3.10
Redbridge__Snaresbrook,00BCGS,E05000513,12100.00,6214.00,3300.00,361393.00,45160.00,3.60
Redbridge__Valentines,00BCGT,E05000514,15050.00,5758.00,4800.00,225000.00,34900.00,4.50
Redbridge__Wanstead,00BCGU,E05000515,11700.00,5688.00,1100.00,460000.00,46370.00,2.50
Richmond_upon_Thames__Barnes,00BDFW,E05000516,10500.00,4839.00,2700.00,1362500.00,55450.00,3.40
Richmond_upon_Thames__East_Sheen,00BDFX,E05000517,10500.00,5108.00,3500.00,985000.00,56090.00,2.60
Richmond_upon_Thames__Fulwell_and_Hampton_Hill,00BDFY,E05000518,10300.00,5350.00,4900.00,480000.00,48810.00,3.20
"Richmond_upon_Thames__Ham,_Petersham_&_Richmond_Riverside",00BDFZ,E05000519,10550.00,4857.00,2700.00,500000.00,44870.00,2.10
Richmond_upon_Thames__Hampton,00BDGA,E05000520,10250.00,4999.00,4100.00,599950.00,46750.00,2.70
Richmond_upon_Thames__Hampton_North,00BDGB,E05000521,9600.00,4482.00,2200.00,335000.00,39440.00,2.10
Richmond_upon_Thames__Hampton_Wick,00BDGC,E05000522,10550.00,4950.00,3300.00,455000.00,46760.00,2.70
Richmond_upon_Thames__Heathfield,00BDGD,E05000523,10600.00,4752.00,1300.00,380500.00,36950.00,2.00
Richmond_upon_Thames__Kew,00BDGE,E05000524,11650.00,5807.00,4300.00,630000.00,52130.00,2.90
Richmond_upon_Thames__Mortlake_and_Barnes_Common,00BDGF,E05000525,11100.00,5800.00,2600.00,746500.00,50100.00,3.00
Richmond_upon_Thames__North_Richmond,00BDGG,E05000526,11050.00,5695.00,4500.00,625625.00,50860.00,4.40
Richmond_upon_Thames__St._Margarets_&_North_Twickenham,00BDGH,E05000527,11800.00,6200.00,4000.00,600000.00,52870.00,3.10
Richmond_upon_Thames__South_Richmond,00BDGJ,E05000528,11100.00,5715.00,13200.00,655000.00,52690.00,4.20
Richmond_upon_Thames__South_Twickenham,00BDGK,E05000529,10100.00,5458.00,4300.00,555500.00,51380.00,3.50
Richmond_upon_Thames__Teddington,00BDGL,E05000530,10550.00,5564.00,8400.00,499950.00,50600.00,3.20
Richmond_upon_Thames__Twickenham_Riverside,00BDGM,E05000531,10650.00,5916.00,8400.00,458725.00,51350.00,4.50
Richmond_upon_Thames__West_Twickenham,00BDGN,E05000532,10750.00,5568.00,2100.00,450000.00,45040.00,2.70
Richmond_upon_Thames__Whitton,00BDGP,E05000533,10050.00,4802.00,1400.00,420000.00,42230.00,2.40
Southwark__Brunswick_Park,00BEGC,E05000534,13600.00,6446.00,6700.00,346500.00,36310.00,4.10
Southwark__Camberwell_Green,00BEGD,E05000535,15950.00,6937.00,5400.00,310000.00,31840.00,5.60
Southwark__Cathedrals,00BEGE,E05000536,17250.00,7697.00,65500.00,580000.00,40430.00,8.00
Southwark__Chaucer,00BEGF,E05000537,16200.00,8056.00,18000.00,442000.00,37780.00,7.20
Southwark__College,00BEGG,E05000538,11900.00,5705.00,1900.00,350000.00,42600.00,3.40
Southwark__East_Dulwich,00BEGH,E05000539,12400.00,7196.00,2700.00,572500.00,48670.00,4.10
Southwark__East_Walworth,00BEGJ,E05000540,13850.00,5291.00,4100.00,315000.00,31010.00,5.80
Southwark__Faraday,00BEGK,E05000541,13050.00,5581.00,1400.00,315000.00,30760.00,4.70
Southwark__Grange,00BEGL,E05000542,17600.00,8428.00,16800.00,500000.00,38500.00,5.10
Southwark__Livesey,00BEGM,E05000543,15000.00,5742.00,4000.00,289995.00,28880.00,4.30
Southwark__Newington,00BEGN,E05000544,15500.00,6957.00,6900.00,380000.00,34190.00,5.80
Southwark__Nunhead,00BEGP,E05000545,13850.00,6328.00,1200.00,356250.00,33540.00,4.80
Southwark__Peckham,00BEGQ,E05000546,15350.00,6258.00,1400.00,285000.00,30030.00,4.10
Southwark__Peckham_Rye,00BEGR,E05000547,13550.00,7263.00,1400.00,421000.00,42820.00,3.50
Southwark__Riverside,00BEGS,E05000548,16600.00,8745.00,46700.00,585000.00,43110.00,4.40
Southwark__Rotherhithe,00BEGT,E05000549,15050.00,7175.00,3400.00,421800.00,36970.00,5.30
Southwark__South_Bermondsey,00BEGU,E05000550,14400.00,6452.00,2300.00,288025.00,31150.00,3.70
Southwark__South_Camberwell,00BEGW,E05000551,13200.00,6543.00,3000.00,396089.00,41130.00,4.60
Southwark__Surrey_Docks,00BEGX,E05000552,15400.00,8567.00,2700.00,415000.00,45410.00,2.90
Southwark__The_Lane,00BEGY,E05000553,16450.00,7623.00,4900.00,407500.00,37940.00,6.00
Southwark__Village,00BEGZ,E05000554,12500.00,6258.00,3100.00,850000.00,58400.00,4.10
Sutton__Beddington_North,00BFGC,E05000555,10550.00,5250.00,9500.00,289000.00,39290.00,2.60
Sutton__Beddington_South,00BFGD,E05000556,10900.00,4718.00,2100.00,386000.00,35600.00,2.00
Sutton__Belmont,00BFGE,E05000557,10350.00,5042.00,4300.00,290000.00,44260.00,2.30
Sutton__Carshalton_Central,00BFGF,E05000558,10400.00,5302.00,2600.00,318000.00,42200.00,3.30
Sutton__Carshalton_South_and_Clockhouse,00BFGG,E05000559,10200.00,4741.00,1900.00,419995.00,44270.00,2.10
Sutton__Cheam,00BFGH,E05000560,10550.00,4749.00,3800.00,376000.00,46220.00,2.20
Sutton__Nonsuch,00BFGJ,E05000561,10900.00,5402.00,2500.00,388500.00,42640.00,2.30
Sutton__St._Helier,00BFGK,E05000562,12300.00,5418.00,4300.00,248000.00,31040.00,2.90
Sutton__Stonecot,00BFGL,E05000563,11000.00,5420.00,2900.00,347500.00,39210.00,2.50
Sutton__Sutton_Central,00BFGM,E05000564,11550.00,5793.00,16000.00,240000.00,35660.00,4.90
Sutton__Sutton_North,00BFGN,E05000565,10600.00,4959.00,1700.00,300500.00,38060.00,3.30
Sutton__Sutton_South,00BFGP,E05000566,10000.00,5073.00,3900.00,250000.00,40460.00,3.30
Sutton__Sutton_West,00BFGQ,E05000567,10900.00,5686.00,1900.00,270000.00,41610.00,3.50
Sutton__The_Wrythe,00BFGR,E05000568,10500.00,5289.00,1500.00,257500.00,36790.00,2.60
Sutton__Wallington_North,00BFGS,E05000569,10900.00,5531.00,2900.00,272000.00,38710.00,3.50
Sutton__Wallington_South,00BFGT,E05000570,10650.00,4886.00,3200.00,246000.00,37960.00,3.40
Sutton__Wandle_Valley,00BFGU,E05000571,12250.00,5601.00,2000.00,243500.00,32330.00,2.40
Sutton__Worcester_Park,00BFGW,E05000572,11950.00,6052.00,2700.00,338000.00,40610.00,2.40
Tower_Hamlets__Bethnal_Green_North,00BGFW,E05000573,14750.00,6580.00,4700.00,383000.00,36230.00,6.00
Tower_Hamlets__Bethnal_Green_South,00BGFX,E05000574,15150.00,5934.00,3600.00,357500.00,32860.00,6.80
Tower_Hamlets__Blackwall_and_Cubitt_Town,00BGFY,E05000575,23250.00,10684.00,25800.00,380000.00,43330.00,3.80
Tower_Hamlets__Bow_East,00BGFZ,E05000576,15650.00,7655.00,6200.00,325000.00,36800.00,3.60
Tower_Hamlets__Bow_West,00BGGA,E05000577,13650.00,6262.00,3000.00,415000.00,41000.00,5.20
Tower_Hamlets__BromleybyBow,00BGGB,E05000578,19750.00,5386.00,4100.00,302500.00,31980.00,4.20
Tower_Hamlets__East_India_and_Lansbury,00BGGC,E05000579,16550.00,5124.00,2700.00,293000.00,29680.00,3.50
Tower_Hamlets__Limehouse,00BGGD,E05000580,17100.00,7314.00,4000.00,375000.00,36260.00,5.00
Tower_Hamlets__Mile_End_and_Globe_Town,00BGGE,E05000581,16200.00,6271.00,7300.00,385000.00,34300.00,5.40
Tower_Hamlets__Mile_End_East,00BGGF,E05000582,15200.00,5276.00,3700.00,325000.00,32510.00,5.30
Tower_Hamlets__Millwall,00BGGG,E05000583,26350.00,13759.00,115700.00,420000.00,46940.00,3.40
Tower_Hamlets__St._Dunstan's_and_Stepney_Green,00BGGH,E05000584,17100.00,6098.00,3100.00,363250.00,32930.00,5.40
Tower_Hamlets__St._Katherine's_and_Wapping,00BGGJ,E05000585,13550.00,7619.00,15300.00,453000.00,50770.00,4.40
Tower_Hamlets__Shadwell,00BGGK,E05000586,15900.00,6534.00,3500.00,370000.00,36360.00,6.00
Tower_Hamlets__Spitalfields_and_Banglatown,00BGGL,E05000587,11800.00,5055.00,23700.00,499995.00,39910.00,6.90
Tower_Hamlets__Weavers,00BGGM,E05000588,15050.00,6693.00,4400.00,510000.00,37760.00,5.50
Tower_Hamlets__Whitechapel,00BGGN,E05000589,17300.00,7530.00,24300.00,489000.00,37600.00,6.80
Waltham_Forest__Cann_Hall,00BHFX,E05000590,14350.00,6265.00,1500.00,326000.00,32700.00,2.90
Waltham_Forest__Cathall,00BHFY,E05000591,13300.00,5715.00,1500.00,332500.00,30950.00,4.30
Waltham_Forest__Chapel_End,00BHFZ,E05000592,14600.00,6595.00,4100.00,340000.00,36440.00,2.90
Waltham_Forest__Chingford_Green,00BHGA,E05000593,10550.00,4570.00,3500.00,330000.00,39280.00,2.80
Waltham_Forest__Endlebury,00BHGB,E05000594,11150.00,4871.00,1300.00,310000.00,38580.00,2.40
Waltham_Forest__Forest,00BHGC,E05000595,13250.00,5861.00,10500.00,401000.00,36080.00,4.30
Waltham_Forest__Grove_Green,00BHGD,E05000596,15300.00,7587.00,1100.00,308000.00,36350.00,4.20
Waltham_Forest__Hale_End_and_Highams_Park,00BHGE,E05000597,12200.00,5319.00,6400.00,288748.00,39490.00,2.50
Waltham_Forest__Hatch_Lane,00BHGF,E05000598,11400.00,4914.00,1600.00,286500.00,36110.00,2.50
Waltham_Forest__High_Street,00BHGG,E05000599,14850.00,7146.00,3600.00,333000.00,34810.00,4.40
Waltham_Forest__Higham_Hill,00BHGH,E05000600,14200.00,5608.00,3300.00,325000.00,31270.00,2.60
Waltham_Forest__Hoe_Street,00BHGJ,E05000601,14600.00,6453.00,3100.00,360000.00,34890.00,5.20
Waltham_Forest__Larkswood,00BHGK,E05000602,12050.00,5104.00,2300.00,335000.00,35170.00,2.80
Waltham_Forest__Lea_Bridge,00BHGL,E05000603,16250.00,6671.00,6100.00,283250.00,31450.00,3.60
Waltham_Forest__Leyton,00BHGM,E05000604,14950.00,5956.00,5700.00,255000.00,31040.00,3.80
Waltham_Forest__Leytonstone,00BHGN,E05000605,13450.00,6887.00,3800.00,345000.00,38700.00,5.50
Waltham_Forest__Markhouse,00BHGP,E05000606,15250.00,6044.00,2200.00,324000.00,33780.00,4.20
Waltham_Forest__Valley,00BHGQ,E05000607,11850.00,5100.00,3300.00,285000.00,34250.00,2.40
Waltham_Forest__William_Morris,00BHGR,E05000608,13750.00,6291.00,2500.00,351625.00,35070.00,3.50
Waltham_Forest__Wood_Street,00BHGS,E05000609,14150.00,5974.00,2300.00,387500.00,35130.00,3.70
Wandsworth__Balham,00BJFZ,E05000610,15050.00,9369.00,4800.00,595000.00,53420.00,4.70
Wandsworth__Bedford,00BJGA,E05000611,15100.00,9077.00,1900.00,496500.00,46410.00,4.10
Wandsworth__Earlsfield,00BJGB,E05000612,16100.00,9556.00,5900.00,541000.00,44360.00,3.90
Wandsworth__East_Putney,00BJGC,E05000613,15850.00,9292.00,4100.00,534000.00,49010.00,4.10
Wandsworth__Fairfield,00BJGD,E05000614,15350.00,9882.00,8300.00,500000.00,48590.00,5.50
Wandsworth__Furzedown,00BJGE,E05000615,15850.00,7450.00,1600.00,410000.00,38240.00,3.20
Wandsworth__Graveney,00BJGF,E05000616,15700.00,8095.00,3600.00,440000.00,37960.00,5.20
Wandsworth__Latchmere,00BJGG,E05000617,15850.00,7869.00,2600.00,398500.00,34990.00,5.90
Wandsworth__Nightingale,00BJGH,E05000618,14950.00,8864.00,3600.00,595000.00,50790.00,5.40
Wandsworth__Northcote,00BJGJ,E05000619,15400.00,9397.00,6400.00,795000.00,55810.00,5.30
Wandsworth__Queenstown,00BJGK,E05000620,20150.00,9607.00,12200.00,630000.00,39580.00,4.40
Wandsworth__Roehampton,00BJGL,E05000621,17550.00,6856.00,4400.00,374950.00,30320.00,2.80
Wandsworth__St._Mary's_Park,00BJGM,E05000622,17250.00,9696.00,10400.00,530000.00,44720.00,3.90
Wandsworth__Shaftesbury,00BJGN,E05000623,14500.00,9354.00,4000.00,700000.00,50410.00,5.50
Wandsworth__Southfields,00BJGP,E05000624,16750.00,9716.00,5700.00,515250.00,48160.00,3.70
Wandsworth__Thamesfield,00BJGQ,E05000625,15400.00,9409.00,10900.00,700000.00,55380.00,4.50
Wandsworth__Tooting,00BJGR,E05000626,17350.00,8038.00,14100.00,440500.00,36000.00,5.10
Wandsworth__Wandsworth_Common,00BJGS,E05000627,16350.00,7925.00,3700.00,568000.00,51420.00,2.70
Wandsworth__West_Hill,00BJGT,E05000628,16850.00,8595.00,2400.00,395000.00,40360.00,2.80
Wandsworth__West_Putney,00BJGU,E05000629,15400.00,7376.00,1800.00,497800.00,43280.00,2.70
Westminster__Abbey_Road,00BKGA,E05000630,11500.00,5233.00,3800.00,750000.00,52200.00,5.40
Westminster__Bayswater,00BKGB,E05000631,10500.00,5977.00,4300.00,850000.00,49960.00,6.50
Westminster__Bryanston_and_Dorset_Square,00BKGC,E05000632,12650.00,6295.00,29300.00,975000.00,51370.00,8.00
Westminster__Churchill,00BKGD,E05000633,10550.00,4085.00,3500.00,1100000.00,39530.00,4.90
Westminster__Church_Street,00BKGE,E05000634,12000.00,3744.00,4700.00,440000.00,26290.00,6.70
Westminster__Harrow_Road,00BKGF,E05000635,12350.00,5533.00,2200.00,499950.00,35000.00,5.70
Westminster__Hyde_Park,00BKGG,E05000636,13450.00,6014.00,30000.00,850000.00,46880.00,8.00
Westminster__Knightsbridge_and_Belgravia,00BKGH,E05000637,10050.00,3947.00,34300.00,3500000.00,88330.00,6.60
Westminster__Lancaster_Gate,00BKGJ,E05000638,13800.00,7523.00,7900.00,895000.00,49290.00,7.70
Westminster__Little_Venice,00BKGK,E05000639,11050.00,5384.00,2900.00,870000.00,48770.00,5.60
Westminster__Maida_Vale,00BKGL,E05000640,10550.00,5243.00,1800.00,773000.00,45660.00,5.20
Westminster__Marylebone_High_Street,00BKGM,E05000641,11150.00,5902.00,67900.00,1090000.00,58370.00,7.70
Westminster__Queen's_Park,00BKGN,E05000642,13050.00,5088.00,1900.00,545000.00,32260.00,5.00
Westminster__Regent's_Park,00BKGP,E05000643,12500.00,5153.00,9100.00,942500.00,46510.00,5.20
Westminster__St._James's,00BKGQ,E05000644,12050.00,5879.00,214300.00,1262500.00,52520.00,7.60
Westminster__Tachbrook,00BKGR,E05000645,8500.00,4531.00,2600.00,715650.00,47340.00,6.60
Westminster__Vincent_Square,00BKGS,E05000646,10500.00,5023.00,26700.00,840000.00,46550.00,6.90
Westminster__Warwick,00BKGT,E05000647,9800.00,5388.00,24200.00,857250.00,50250.00,7.20
Westminster__Westbourne,00BKGU,E05000648,13200.00,5173.00,3800.00,499975.00,32390.00,4.90
Westminster__West_End,00BKGW,E05000649,11250.00,6124.00,217900.00,1487500.00,54970.00,8.00
City_of_London,00AA,E09000001,8100.00,4555.00,392400.00,765000.00,63620.00,7.90
Barking_and_Dagenham,00AB,E09000002,205450.00,74001.00,50000.00,215000.00,34080.00,3.00
Barnet,00AC,E09000003,393200.00,164302.00,124300.00,400000.00,54530.00,3.00
Bexley,00AD,E09000004,237000.00,107274.00,69400.00,250000.00,44430.00,2.60
Brent,00AE,E09000005,326350.00,144030.00,111600.00,385000.00,39630.00,3.70
Bromley,00AF,E09000006,320100.00,146448.00,105000.00,335000.00,55140.00,2.80
Camden,00AG,E09000007,230300.00,105123.00,327600.00,675000.00,67990.00,5.70
Croydon,00AH,E09000008,381150.00,168680.00,113100.00,265000.00,45120.00,3.20
Ealing,00AJ,E09000009,349350.00,161259.00,124400.00,388000.00,45690.00,3.30
Enfield,00AK,E09000010,322150.00,133872.00,98500.00,285000.00,41250.00,3.00
Greenwich,00AL,E09000011,281550.00,115561.00,74700.00,317000.00,44370.00,3.40
Hackney,00AM,E09000012,262700.00,116980.00,108500.00,433000.00,42690.00,4.90
Hammersmith_and_Fulham,00AN,E09000013,189850.00,97453.00,130500.00,661000.00,62910.00,4.70
Haringey,00AP,E09000014,269100.00,121835.00,65100.00,405000.00,45860.00,4.30
Harrow,00AQ,E09000015,247500.00,110158.00,71700.00,370000.00,49060.00,2.90
Havering,00AR,E09000016,250350.00,109624.00,77000.00,250000.00,44430.00,2.50
Hillingdon,00AS,E09000017,289500.00,127046.00,200000.00,307000.00,44950.00,2.40
Hounslow,00AT,E09000018,263600.00,124325.00,143400.00,319950.00,44490.00,3.00
Islington,00AU,E09000019,220800.00,104767.00,208600.00,530000.00,54950.00,5.70
Kensington_and_Chelsea,00AW,E09000020,161700.00,77998.00,125300.00,1195000.00,116350.00,5.80
Kingston_upon_Thames,00AX,E09000021,167200.00,79777.00,74100.00,385000.00,56920.00,2.90
Lambeth,00AY,E09000022,320450.00,164113.00,143100.00,420000.00,48610.00,5.00
Lewisham,00AZ,E09000023,293050.00,133650.00,65200.00,315000.00,43360.00,4.10
Merton,00BA,E09000024,206200.00,102354.00,81200.00,385000.00,57160.00,3.40
Newham,00BB,E09000025,338000.00,131093.00,90100.00,250000.00,34260.00,3.90
Redbridge,00BC,E09000026,292450.00,121539.00,72200.00,301500.00,45380.00,3.00
Richmond_upon_Thames,00BD,E09000027,191600.00,95862.00,77600.00,535000.00,76610.00,3.10
Southwark,00BE,E09000028,308650.00,145248.00,203400.00,420000.00,48000.00,4.90
Sutton,00BF,E09000029,196400.00,94912.00,70000.00,285000.00,49170.00,2.90
Tower_Hamlets,00BG,E09000030,284300.00,119774.00,255200.00,383000.00,45720.00,5.00
Waltham_Forest,00BH,E09000031,271450.00,118931.00,69800.00,320000.00,39460.00,3.60
Wandsworth,00BJ,E09000032,322750.00,175423.00,112400.00,532500.00,66220.00,4.30
Westminster,00BK,E09000033,230550.00,107239.00,693100.00,875000.00,80760.00,6.50
,,,,,,,,
,,,,,,,,
,,,,,,,,
,,,,,,,,
,,,,,,,,
,,,,,,,,
,,,,,,,,
,,,,,,,,
,,,,,,,,
,,,,,,,,
,,,,,,,,
,,,,,,,,
,,,,,,,,
,,,,,,,,
,,,,,,,,
,,,,,,,,
,,,,,,,,
,,,,,,,,
,,,,,,,,
,,,,,,,,
,,,,,,,,
,,,,,,,,
,,,,,,,,
,,,,,,,,
,,,,,,,,
,,,,,,,,
,,,,,,,,
,,,,,,,,
,,,,,,,,
,,,,,,,,
,,,,,,,,
,,,,,,,,
,,,,,,,,
,,,,,,,,
,,,,,,,,
,,,,,,,,
,,,,,,,,
,,,,,,,,
,,,,,,,,
,,,,,,,,
,,,,,,,,
,,,,,,,,
,,,,,,,,
,,,,,,,,
,,,,,,,,
,,,,,,,,
,,,,,,,,
,,,,,,,,
,,,,,,,,
,,,,,,,,
,,,,,,,,
,,,,,,,,
,,,,,,,,
,,,,,,,,
,,,,,,,,
,,,,,,,,
,,,,,,,,
,,,,,,,,
,,,,,,,,
,,,,,,,,
,,,,,,,,
,,,,,,,,
,,,,,,,,
,,,,,,,,
,,,,,,,,
,,,,,,,,
,,,,,,,,
,,,,,,,,
,,,,,,,,
,,,,,,,,
,,,,,,,,
,,,,,,,,
,,,,,,,,
,,,,,,,,
,,,,,,,,
,,,,,,,,
,,,,,,,,
,,,,,,,,
,,,,,,,,
,,,,,,,,
,,,,,,,,
,,,,,,,,
,,,,,,,,
,,,,,,,,
,,,,,,,,
,,,,,,,,
,,,,,,,,
,,,,,,,,
,,,,,,,,
,,,,,,,,
,,,,,,,,
,,,,,,,,
,,,,,,,,
,,,,,,,,
,,,,,,,,
,,,,,,,,
,,,,,,,,