Codes,Ward names,Borough,Hectares,Square Kilometres,Population 2015,Population per hectare 2015,Population per square kilometre 2015,Census population (2011),Population per hectare 2011
E09000001,City of London,City of London,315.1,3,8210.798436,26,2605.775448,7375,23.40526817
E05000026,Abbey,Barking and Dagenham,127.9,1,14062,110,10994.52697,12786,99.96872557
E05000027,Alibon,Barking and Dagenham,136.1,1,10965,81,8056.576047,10385,76.3041881
E05000028,Becontree,Barking and Dagenham,128.4,1,14132,110,11006.23053,11545,89.91433022
E05000029,Chadwell Heath,Barking and Dagenham,338,3,10443,31,3089.64497,10021,29.64792899
E05000030,Eastbrook,Barking and Dagenham,345.4,3,10768,31,3117.544876,10506,30.41690793
E05000031,Eastbury,Barking and Dagenham,144.5,1,11960,83,8276.816609,11624,80.44290657
E05000032,Gascoigne,Barking and Dagenham,113.4,1,14166,125,12492.06349,12452,109.8059965
E05000033,Goresbrook,Barking and Dagenham,128,1,11974,94,9354.6875,11267,88.0234375
E05000034,Heath,Barking and Dagenham,200.5,2,11691,58,5830.922693,10786,53.79551122
E05000035,Longbridge,Barking and Dagenham,164,2,11838,72,7218.292683,11478,69.98780488
E05000036,Mayesbrook,Barking and Dagenham,185.1,2,11015,60,5950.837385,10342,55.87250135
E05000037,Parsloes,Barking and Dagenham,124.3,1,10245,82,8242.156074,9839,79.15526951
E05000038,River,Barking and Dagenham,355.2,4,11798,33,3321.509009,10923,30.75168919
E05000039,Thames,Barking and Dagenham,788.4,8,14994,19,1901.826484,10728,13.60730594
E05000040,Valence,Barking and Dagenham,129.3,1,11128,86,8606.341841,9867,76.31090487
E05000041,Village,Barking and Dagenham,214,2,11223,52,5244.392523,10787,50.40654206
E05000042,Whalebone,Barking and Dagenham,155.4,2,11221,72,7220.720721,10575,68.05019305
E05000043,Brunswick Park,Barnet,317.4,3,17185,54,5414.303718,16394,51.65091367
E05000044,Burnt Oak,Barnet,206.4,2,19433,94,9415.213178,18217,88.26065891
E05000045,Childs Hill,Barnet,308.9,3,21638,70,7004.85594,20049,64.90449984
E05000046,Colindale,Barnet,264.2,3,20093,76,7605.223316,17098,64.71612415
E05000047,Coppetts,Barnet,272,3,18165,67,6678.308824,17250,63.41911765
E05000048,East Barnet,Barnet,375.2,4,17129,46,4565.298507,16137,43.00906183
E05000049,East Finchley,Barnet,252.4,3,17213,68,6819.730586,15989,63.34786054
E05000050,Edgware,Barnet,556,6,17982,32,3234.172662,16728,30.08633094
E05000051,Finchley Church End,Barnet,270.9,3,16768,62,6189.737911,15715,58.01033592
E05000052,Garden Suburb,Barnet,473.1,5,16978,36,3588.670471,15929,33.6694145
E05000053,Golders Green,Barnet,297.8,3,21557,72,7238.750839,18818,63.19006044
E05000054,Hale,Barnet,542.2,5,18640,34,3437.845813,17437,32.15971966
E05000055,Hendon,Barnet,284,3,19888,70,7002.816901,18472,65.04225352
E05000056,High Barnet,Barnet,830.9,8,15999,19,1925.502467,15307,18.4221928
E05000057,Mill Hill,Barnet,938.7,9,19686,21,2097.155641,18451,19.65590711
E05000058,Oakleigh,Barnet,331.7,3,16713,50,5038.589087,15811,47.66656617
E05000059,Totteridge,Barnet,876.8,9,16381,19,1868.270985,15159,17.28900547
E05000060,Underhill,Barnet,455.2,5,16531,36,3631.59051,15915,34.96265378
E05000061,West Finchley,Barnet,216.1,2,17666,82,8174.919019,16533,76.50624711
E05000062,West Hendon,Barnet,342.6,3,18623,54,5435.785172,17402,50.79392878
E05000063,Woodhouse,Barnet,261.2,3,18768,72,7185.298622,17575,67.2856049
E05000064,Barnehurst,Bexley,287,3,10608,37,3696.167247,10418,36.29965157
E05000065,Belvedere,Bexley,316.1,3,12851,41,4065.485606,11890,37.6146789
E05000066,Blackfen and Lamorbey,Bexley,168.7,2,10801,64,6402.489627,10616,62.92827504
E05000067,Blendon and Penhill,Bexley,209.8,2,10976,52,5231.64919,10910,52.00190658
E05000068,Brampton,Bexley,197.3,2,10690,54,5418.144957,10546,53.45159655
E05000069,Christchurch,Bexley,254.8,3,11231,44,4407.770801,10965,43.03375196
E05000070,Colyers,Bexley,164.1,2,11451,70,6978.062157,11128,67.81230957
E05000071,Crayford,Bexley,396.8,4,12986,33,3272.681452,11226,28.29133065
E05000072,Cray Meadows,Bexley,718.4,7,11675,16,1625.139198,11207,15.59994432
E05000073,Danson Park,Bexley,271.6,3,11058,41,4071.428571,10864,40
E05000074,East Wickham,Bexley,216.9,2,11051,51,5094.974643,10858,50.05993545
E05000075,Erith,Bexley,475.6,5,12826,27,2696.804037,12053,25.34272498
E05000076,Falconwood and Welling,Bexley,166.5,2,10862,65,6523.723724,10800,64.86486486
E05000077,Lesnes Abbey,Bexley,237,2,11572,49,4882.700422,11346,47.87341772
E05000078,Longlands,Bexley,259.2,3,10534,41,4064.04321,10442,40.28549383
E05000079,North End,Bexley,568.9,6,11882,21,2088.59202,11566,20.3304623
E05000080,Northumberland Heath,Bexley,176.3,2,10720,61,6080.544526,10598,60.11344299
E05000081,St. Mary's,Bexley,442.9,4,11174,25,2522.917137,10491,23.68706254
E05000082,St. Michael's,Bexley,144.4,1,11331,78,7846.952909,11135,77.11218837
E05000083,Sidcup,Bexley,270.2,3,11580,43,4285.714286,10844,40.13323464
E05000084,Thamesmead East,Bexley,483.7,5,12718,26,2629.315692,12094,25.0031011
E05000085,Alperton,Brent,205.8,2,15475,75,7519.436346,14017,68.10981535
E05000086,Barnhill,Brent,297.5,3,16556,56,5565.042017,15772,53.01512605
E05000087,Brondesbury Park,Brent,172.2,2,13445,78,7807.781649,13023,75.6271777
E05000088,Dollis Hill,Brent,229.8,2,14441,63,6284.160139,13425,58.42036554
E05000089,Dudden Hill,Brent,168.2,2,15801,94,9394.173603,15059,89.53032105
E05000090,Fryent,Brent,265.8,3,13850,52,5210.684725,13445,50.58314522
E05000091,Harlesden,Brent,111.5,1,16860,151,15121.07623,17162,153.9192825
E05000092,Kensal Green,Brent,112.1,1,15249,136,13603.03301,14915,133.0508475
E05000093,Kenton,Brent,225,2,12402,55,5512,12133,53.92444444
E05000094,Kilburn,Brent,94.4,1,18598,197,19701.27119,16989,179.9682203
E05000095,Mapesbury,Brent,139.4,1,16225,116,11639.16786,15529,111.3988522
E05000096,Northwick Park,Brent,267.3,3,12935,48,4839.132061,12811,47.92742237
E05000097,Preston,Brent,239.5,2,15765,66,6582.463466,15474,64.60960334
E05000098,Queens Park,Brent,148.9,1,15881,107,10665.54735,15281,102.6259234
E05000099,Queensbury,Brent,205,2,15983,78,7796.585366,15155,73.92682927
E05000100,Stonebridge,Brent,405.5,4,17305,43,4267.5709,16903,41.68434032
E05000101,Sudbury,Brent,213,2,15441,72,7249.295775,14950,70.18779343
E05000102,Tokyngton,Brent,276.4,3,17098,62,6185.962373,15105,54.64905933
E05000103,Welsh Harp,Brent,231.2,2,14113,61,6104.238754,13753,59.48529412
E05000104,Wembley Central,Brent,160.3,2,15707,98,9798.502807,14727,91.87149095
E05000105,Willesden Green,Brent,154.7,2,16136,104,10430.51067,15587,100.7563025
E05000106,Bickley,Bromley,486.9,5,15768,32,3238.44732,15098,31.00842062
E05000107,Biggin Hill,Bromley,828.2,8,10518,13,1269.983096,9951,12.01521372
E05000108,Bromley Common and Keston,Bromley,832.1,8,17014,20,2044.706165,15113,18.16248047
E05000109,Bromley Town,Bromley,371.8,4,18538,50,4986.013986,16826,45.25551372
E05000110,Chelsfield and Pratts Bottom,Bromley,1256.2,13,14997,12,1193.838561,14507,11.54832033
E05000111,Chislehurst,Bromley,1044.9,10,15910,15,1522.633745,14831,14.19370275
E05000112,Clock House,Bromley,226.6,2,16412,72,7242.718447,15560,68.66725508
E05000113,Copers Cope,Bromley,328.6,3,16242,49,4942.787584,15392,46.84114425
E05000114,Cray Valley East,Bromley,1328.8,13,16109,12,1212.296809,15445,11.62326911
E05000115,Cray Valley West,Bromley,393.8,4,17193,44,4365.921788,16769,42.5825292
E05000116,Crystal Palace,Bromley,229.3,2,13015,57,5675.970345,12255,53.44526821
E05000117,Darwin,Bromley,2903.5,29,5461,1.880833477,188.0833477,5110,1.759944894
E05000118,Farnborough and Crofton,Bromley,699.5,7,14941,21,2135.954253,14632,20.91779843
E05000119,Hayes and Coney Hall,Bromley,1081.7,11,16391,15,1515.299991,15906,14.7046316
E05000120,Kelsey and Eden Park,Bromley,520,5,16450,32,3163.461538,15892,30.56153846
E05000121,Mottingham and Chislehurst North,Bromley,244.9,2,10452,43,4267.864434,9987,40.77991017
E05000122,Orpington,Bromley,425.6,4,15633,37,3673.167293,15311,35.97509398
E05000123,Penge and Cator,Bromley,295.7,3,18108,61,6123.774095,17326,58.59316875
E05000124,Petts Wood and Knoll,Bromley,430.2,4,14147,33,3288.470479,13651,31.73175267
E05000125,Plaistow and Sundridge,Bromley,399.3,4,15910,40,3984.472827,15122,37.87127473
E05000126,Shortlands,Bromley,245.6,2,10240,42,4169.381107,9824,40
E05000127,West Wickham,Bromley,441.3,4,15126,34,3427.600272,14884,33.72762293
E05000128,Belsize,Camden,78,1,13689,176,17550,12702,162.8461538
E05000129,Bloomsbury,Camden,102.1,1,11647,114,11407.44368,10892,106.6797258
E05000130,Camden Town with Primrose Hill,Camden,116.6,1,13213,113,11331.90395,12613,108.1732419
E05000131,Cantelowes,Camden,75.8,1,12713,168,16771.76781,11925,157.3218997
E05000132,Fortune Green,Camden,100.5,1,12823,128,12759.20398,11740,116.8159204
E05000133,Frognal and Fitzjohns,Camden,153.3,2,12795,83,8346.379648,11986,78.1865623
E05000134,Gospel Oak,Camden,69.1,1,11929,173,17263.3864,11264,163.0101302
E05000135,Hampstead Town,Camden,245,2,12033,49,4911.428571,11270,46
E05000136,Haverstock,Camden,73.2,1,13302,182,18172.13115,12364,168.9071038
E05000137,Highgate,Camden,324.2,3,11540,36,3559.531154,10955,33.79086983
E05000138,Holborn and Covent Garden,Camden,120.1,1,13931,116,11599.50042,13023,108.4346378
E05000139,Kentish Town,Camden,102.8,1,14295,139,13905.64202,13417,130.5155642
E05000140,Kilburn,Camden,68.6,1,13099,191,19094.75219,12038,175.4810496
E05000141,King's Cross,Camden,61,1,12338,202,20226.22951,11843,194.147541
E05000142,Regent's Park,Camden,135,1,14797,110,10960.74074,13528,100.2074074
E05000143,St. Pancras and Somers Town,Camden,140,1,16268,116,11620,13818,98.7
E05000144,Swiss Cottage,Camden,125.7,1,13984,111,11124.90056,12900,102.6252983
E05000145,West Hampstead,Camden,88.7,1,12945,146,14594.13754,12060,135.9639233
E05000146,Addiscombe,Croydon,159.5,2,17635,111,11056.42633,16883,105.8495298
E05000147,Ashburton,Croydon,271.4,3,14970,55,5515.843773,14721,54.24097273
E05000148,Bensham Manor,Croydon,144.6,1,17206,119,11899.03181,16201,112.0401107
E05000149,Broad Green,Croydon,266.7,3,19761,74,7409.448819,18652,69.93625797
E05000150,Coulsdon East,Croydon,774.3,8,12672,16,1636.574971,12244,15.81299238
E05000151,Coulsdon West,Croydon,499.5,5,13884,28,2779.57958,13449,26.92492492
E05000152,Croham,Croydon,352.3,4,16892,48,4794.777179,15790,44.81975589
E05000153,Fairfield,Croydon,376.5,4,18938,50,5030.01328,16569,44.00796813
E05000154,Fieldway,Croydon,148.5,1,11833,80,7968.350168,11479,77.2996633
E05000155,Heathfield,Croydon,871,9,13590,16,1560.275545,13213,15.16991963
E05000156,Kenley,Croydon,646,6,15718,24,2433.126935,14966,23.16718266
E05000157,New Addington,Croydon,242.8,2,11121,46,4580.313015,10801,44.48517298
E05000158,Norbury,Croydon,252,3,17330,69,6876.984127,16476,65.38095238
E05000159,Purley,Croydon,417.3,4,15471,37,3707.404745,14607,35.00359454
E05000160,Sanderstead,Croydon,634.6,6,13133,21,2069.492594,12777,20.13394264
E05000161,Selhurst,Croydon,227.7,2,18794,83,8253.842776,18087,79.43346509
E05000162,Selsdon and Ballards,Croydon,640.6,6,12069,19,1884.014986,11719,18.29378707
E05000163,Shirley,Croydon,280,3,14694,52,5247.857143,14296,51.05714286
E05000164,South Norwood,Croydon,238.1,2,17143,72,7199.916002,16518,69.37421252
E05000165,Thornton Heath,Croydon,168.1,2,17350,103,10321.23736,16539,98.38786437
E05000166,Upper Norwood,Croydon,262,3,16921,65,6458.396947,16082,61.38167939
E05000167,Waddon,Croydon,364.4,4,18000,49,4939.626784,17077,46.86333699
E05000168,West Thornton,Croydon,197.4,2,18397,93,9319.655522,17489,88.59675785
E05000169,Woodside,Croydon,216.7,2,17247,80,7958.929395,16743,77.26349792
E05000170,Acton Central,Ealing,177.5,2,15948,90,8984.788732,15427,86.91267606
E05000171,Cleveland,Ealing,223.2,2,14863,67,6659.050179,14558,65.22401434
E05000172,Dormers Wells,Ealing,225.9,2,14097,62,6240.371846,13910,61.57591855
E05000173,Ealing Broadway,Ealing,185.7,2,15058,81,8108.777598,14029,75.54658051
E05000174,Ealing Common,Ealing,214,2,14227,66,6648.130841,14019,65.50934579
E05000175,East Acton,Ealing,427.2,4,19905,47,4659.410112,18706,43.78745318
E05000176,Elthorne,Ealing,200,2,15933,80,7966.5,14539,72.695
E05000177,Greenford Broadway,Ealing,252.2,3,18049,72,7156.621729,17625,69.8850119
E05000178,Greenford Green,Ealing,338.1,3,14631,43,4327.417924,14349,42.44010648
E05000179,Hanger Hill,Ealing,327.4,3,16009,49,4889.737324,15561,47.52901649
E05000180,Hobbayne,Ealing,220.8,2,14625,66,6623.641304,14229,64.44293478
E05000181,Lady Margaret,Ealing,153.9,2,13943,91,9059.779077,13897,90.29889539
E05000182,Northfield,Ealing,153.5,2,13783,90,8979.153094,13517,88.05863192
E05000183,North Greenford,Ealing,324.8,3,14906,46,4589.285714,14713,45.29864532
E05000184,Northolt Mandeville,Ealing,275.2,3,15466,56,5619.912791,15183,55.17078488
E05000185,Northolt West End,Ealing,354.8,4,15097,43,4255.073281,15121,42.61837655
E05000186,Norwood Green,Ealing,379.4,4,14038,37,3700.052715,14032,36.9847127
E05000187,Perivale,Ealing,336.5,3,15656,47,4652.600297,15339,45.58395245
E05000188,South Acton,Ealing,171.9,2,16447,96,9567.77196,14873,86.52123328
E05000189,Southall Broadway,Ealing,162.2,2,14311,88,8823.057953,13439,82.85450062
E05000190,Southall Green,Ealing,158.5,2,15457,98,9752.050473,14579,91.98107256
E05000191,Southfield,Ealing,143.5,1,13703,95,9549.12892,13474,93.89547038
E05000192,Walpole,Ealing,146.6,1,13586,93,9267.39427,13330,90.92769441
E05000193,Bowes,Enfield,148.5,1,14824,100,9982.491582,14051,94.61952862
E05000194,Bush Hill Park,Enfield,252.6,3,14330,57,5673.000792,13923,55.11876485
E05000195,Chase,Enfield,1694.4,17,14256,8.413597734,841.3597734,13762,8.122049103
E05000196,Cockfosters,Enfield,1040.7,10,14288,14,1372.922072,13788,13.24877486
E05000197,Edmonton Green,Enfield,312.9,3,18709,60,5979.22659,17949,57.36337488
E05000198,Enfield Highway,Enfield,463.9,5,16710,36,3602.069412,16027,34.54839405
E05000199,Enfield Lock,Enfield,325.1,3,18177,56,5591.202707,16469,50.658259
E05000200,Grange,Enfield,328.6,3,13250,40,4032.258065,12709,38.67620207
E05000201,Haselbury,Enfield,179.7,2,17132,95,9533.667223,16263,90.50083472
E05000202,Highlands,Enfield,508.8,5,13633,27,2679.441824,13006,25.56210692
E05000203,Jubilee,Enfield,391.8,4,14840,38,3787.646759,14355,36.63859112
E05000204,Lower Edmonton,Enfield,217.5,2,17371,80,7986.666667,16531,76.0045977
E05000205,Palmers Green,Enfield,194.1,2,15883,82,8182.895415,15162,78.11437403
E05000206,Ponders End,Enfield,354.5,4,16786,47,4735.119887,15664,44.18617772
E05000207,Southbury,Enfield,286.4,3,15789,55,5512.918994,14506,50.64944134
E05000208,Southgate,Enfield,269.1,3,15413,57,5727.610554,14454,53.71237458
E05000209,Southgate Green,Enfield,261.7,3,14494,55,5538.402751,13787,52.68246083
E05000210,Town,Enfield,223.3,2,15527,70,6953.425884,14906,66.75324675
E05000211,Turkey Street,Enfield,225.7,2,15183,67,6727.071334,14377,63.69960124
E05000212,Upper Edmonton,Enfield,265.1,3,18569,70,7004.526594,17374,65.53753301
E05000213,Winchmore Hill,Enfield,275.7,3,13895,50,5039.89844,13403,48.61443598
E05000214,Abbey Wood,Greenwich,265.3,3,16251,61,6125.518281,15704,59.193366
E05000215,Blackheath Westcombe,Greenwich,213.8,2,13461,63,6296.071094,12875,60.21983162
E05000216,Charlton,Greenwich,203.4,2,15041,74,7394.788594,14385,70.72271386
E05000217,Coldharbour and New Eltham,Greenwich,254.9,3,13326,52,5227.932523,13062,51.24362495
E05000218,Eltham North,Greenwich,255,3,12700,50,4980.392157,12519,49.09411765
E05000219,Eltham South,Greenwich,462.7,5,12640,27,2731.791658,12541,27.10395505
E05000220,Eltham West,Greenwich,242.6,2,11261,46,4641.797197,10399,42.86479802
E05000221,Glyndon,Greenwich,170.4,2,18948,111,11119.71831,18171,106.6373239
E05000222,Greenwich West,Greenwich,279.7,3,18477,66,6606.006435,16527,59.0883089
E05000223,Kidbrooke with Hornfair,Greenwich,237.8,2,14679,62,6172.834315,14300,60.13456686
E05000224,Middle Park and Sutcliffe,Greenwich,328.4,3,13537,41,4122.107186,13505,41.12362972
E05000225,Peninsula,Greenwich,448.2,4,19968,45,4455.153949,14051,31.34984382
E05000226,Plumstead,Greenwich,235.1,2,17354,74,7381.53977,16736,71.18672905
E05000227,Shooters Hill,Greenwich,378,4,13624,36,3604.232804,13433,35.53703704
E05000228,Thamesmead Moorings,Greenwich,481.1,5,21103,44,4386.406153,19730,41.01018499
E05000229,Woolwich Common,Greenwich,262,3,18920,72,7221.374046,17499,66.79007634
E05000230,Woolwich Riverside,Greenwich,319.5,3,21711,68,6795.305164,19120,59.84350548
E05000231,Brownswood,Hackney,84.1,1,12076,144,14359.09631,11091,131.8787158
E05000232,Cazenove,Hackney,68.4,1,14444,211,21116.95906,13392,195.7894737
E05000233,Chatham,Hackney,90.9,1,14201,156,15622.66227,13232,145.5665567
E05000234,Clissold,Hackney,70.2,1,13039,186,18574.07407,12212,173.960114
E05000235,Dalston,Hackney,92.7,1,15857,171,17105.71737,14727,158.8673139
E05000236,De Beauvoir,Hackney,88.9,1,15018,169,16893.13836,13643,153.4645669
E05000237,Hackney Central,Hackney,78,1,13309,171,17062.82051,12548,160.8717949
E05000238,Hackney Downs,Hackney,101.8,1,13611,134,13370.33399,12921,126.9253438
E05000239,Haggerston,Hackney,124.3,1,14830,119,11930.81255,13904,111.8584071
E05000240,Hoxton,Hackney,83.9,1,16274,194,19396.90107,15174,180.8581645
E05000241,King's Park,Hackney,181.4,2,12000,66,6615.214994,11098,61.17971334
E05000242,Leabridge,Hackney,106.4,1,15125,142,14215.22556,14039,131.9454887
E05000243,Lordship,Hackney,119.1,1,13348,112,11207.38875,12280,103.1066331
E05000244,New River,Hackney,98.3,1,14189,144,14434.38454,12551,127.6805697
E05000245,Queensbridge,Hackney,108,1,14622,135,13538.88889,13670,126.5740741
E05000246,Springfield,Hackney,95.2,1,13405,141,14080.88235,12378,130.0210084
E05000247,Stoke Newington Central,Hackney,71.2,1,13343,187,18740.16854,12445,174.7893258
E05000248,Victoria,Hackney,80.4,1,14198,177,17659.20398,13231,164.5646766
E05000249,Wick,Hackney,163.2,2,12428,76,7615.196078,11734,71.8995098
E05000250,Addison,Hammersmith and Fulham,55.3,1,11279,204,20396.0217,11518,208.2820976
E05000251,Askew,Hammersmith and Fulham,75.9,1,14212,187,18724.63768,14160,186.5612648
E05000252,Avonmore and Brook Green,Hammersmith and Fulham,89.5,1,12053,135,13467.03911,12216,136.4916201
E05000253,College Park and Old Oak,Hammersmith and Fulham,344,3,9268,27,2694.186047,9175,26.67151163
E05000254,Fulham Broadway,Hammersmith and Fulham,66.7,1,11339,170,17000,10996,164.8575712
E05000255,Fulham Reach,Hammersmith and Fulham,88.2,1,11033,125,12509.07029,11306,128.185941
E05000256,Hammersmith Broadway,Hammersmith and Fulham,110.4,1,11774,107,10664.85507,11923,107.9981884
E05000257,Munster,Hammersmith and Fulham,62.3,1,10907,175,17507.22311,11004,176.6292135
E05000258,North End,Hammersmith and Fulham,63.8,1,11423,179,17904.38871,11589,181.645768
E05000259,Palace Riverside,Hammersmith and Fulham,148.1,1,7380,50,4983.119514,7483,50.52667117
E05000260,Parsons Green and Walham,Hammersmith and Fulham,89.8,1,10947,122,12190.42316,10813,120.4120267
E05000261,Ravenscourt Park,Hammersmith and Fulham,122,1,10912,89,8944.262295,10785,88.40163934
E05000262,Sands End,Hammersmith and Fulham,137.7,1,12521,91,9092.955701,12760,92.66521423
E05000263,Shepherd's Bush Green,Hammersmith and Fulham,106.7,1,12143,114,11380.50609,12175,114.1049672
E05000264,Town,Hammersmith and Fulham,65,1,11020,170,16953.84615,11201,172.3230769
E05000265,Wormholt and White City,Hammersmith and Fulham,90.4,1,13523,150,14959.0708,13389,148.1084071
E05000266,Alexandra,Haringey,261.3,3,12352,47,4727.133563,11795,45.13968618
E05000267,Bounds Green,Haringey,138.4,1,14497,105,10474.71098,13725,99.16907514
E05000268,Bruce Grove,Haringey,93.1,1,15027,161,16140.70892,14483,155.5639098
E05000269,Crouch End,Haringey,144,1,13138,91,9123.611111,12395,86.07638889
E05000270,Fortis Green,Haringey,199.4,2,13311,67,6675.52658,12488,62.62788365
E05000271,Harringay,Haringey,156.2,2,13953,89,8932.778489,13272,84.96798976
E05000272,Highgate,Haringey,249.9,2,12283,49,4915.166066,11632,46.54661865
E05000273,Hornsey,Haringey,105.5,1,13039,124,12359.24171,12659,119.9905213
E05000274,Muswell Hill,Haringey,165.2,2,11400,69,6900.726392,10784,65.27845036
E05000275,Noel Park,Haringey,123,1,14661,119,11919.5122,13939,113.3252033
E05000276,Northumberland Park,Haringey,188.3,2,15629,83,8300.053107,14429,76.62772172
E05000277,St. Ann's,Haringey,109.7,1,15513,141,14141.29444,14638,133.4366454
E05000278,Seven Sisters,Haringey,129.2,1,16850,130,13041.79567,15968,123.5913313
E05000279,Stroud Green,Haringey,109.5,1,12735,116,11630.13699,11758,107.3789954
E05000280,Tottenham Green,Haringey,136.1,1,15458,114,11357.82513,14580,107.1271124
E05000281,Tottenham Hale,Haringey,191.1,2,18080,95,9461.015175,15064,78.82783883
E05000282,West Green,Haringey,139.8,1,13942,100,9972.818312,13372,95.6509299
E05000283,White Hart Lane,Haringey,169.7,2,13719,81,8084.266352,13431,79.14555097
E05000284,Woodside,Haringey,149.2,1,15368,103,10300.2681,14514,97.27882038
E05000285,Belmont,Harrow,177.9,2,11817,66,6642.495784,11343,63.76053963
E05000286,Canons,Harrow,563.1,6,13450,24,2388.56331,12471,22.14704315
E05000287,Edgware,Harrow,140.1,1,12501,89,8922.912206,11653,83.17630264
E05000288,Greenhill,Harrow,174.7,2,13225,76,7570.120206,12420,71.0933028
E05000289,Harrow on the Hill,Harrow,357.5,4,13287,37,3716.643357,12270,34.32167832
E05000290,Harrow Weald,Harrow,458.9,5,11839,26,2579.864894,11376,24.78971453
E05000291,Hatch End,Harrow,328.1,3,11101,34,3383.419689,10693,32.59067358
E05000292,Headstone North,Harrow,329.5,3,10415,32,3160.849772,10093,30.63125948
E05000293,Headstone South,Harrow,146.2,1,11646,80,7965.800274,11135,76.1627907
E05000294,Kenton East,Harrow,128.1,1,11390,89,8891.491023,11138,86.94769711
E05000295,Kenton West,Harrow,176.5,2,11573,66,6556.94051,11173,63.30311615
E05000296,Marlborough,Harrow,164.6,2,13216,80,8029.161604,12259,74.47752126
E05000297,Pinner,Harrow,327,3,10328,32,3158.409786,10026,30.66055046
E05000298,Pinner South,Harrow,235.3,2,10891,46,4628.559286,10411,44.24564386
E05000299,Queensbury,Harrow,161.3,2,12516,78,7759.454433,11984,74.29634222
E05000300,Rayners Lane,Harrow,153,2,11546,75,7546.405229,11124,72.70588235
E05000301,Roxbourne,Harrow,150.6,2,12880,86,8552.456839,12828,85.17928287
E05000302,Roxeth,Harrow,157.6,2,11863,75,7527.284264,11663,74.00380711
E05000303,Stanmore Park,Harrow,445.6,4,11746,26,2635.996409,11229,25.1997307
E05000304,Wealdstone,Harrow,119.3,1,11955,100,10020.95557,11394,95.5071249
E05000305,West Harrow,Harrow,152.1,2,10647,70,7000,10373,68.19855358
E05000306,Brooklands,Havering,420.1,4,17153,41,4083.075458,14957,35.60342776
E05000307,Cranham,Havering,655.6,7,12903,20,1968.120805,12528,19.10921293
E05000308,Elm Park,Havering,366.7,4,13021,36,3550.859013,12466,33.99509136
E05000309,Emerson Park,Havering,463.9,5,12175,26,2624.488036,11977,25.81806424
E05000310,Gooshays,Havering,776.1,8,15122,19,1948.46025,14692,18.93055019
E05000311,Hacton,Havering,246.1,2,12388,50,5033.726128,12262,49.82527428
E05000312,Harold Wood,Havering,759.6,8,13340,18,1756.187467,12650,16.65350184
E05000313,Havering Park,Havering,978.8,10,13219,14,1350.531263,13000,13.28156927
E05000314,Heaton,Havering,341.5,3,13340,39,3906.295754,12570,36.80819912
E05000315,Hylands,Havering,290.2,3,13014,45,4484.493453,12952,44.63128877
E05000316,Mawneys,Havering,304.9,3,13157,43,4315.185307,12915,42.35815021
E05000317,Pettits,Havering,395.3,4,13239,33,3349.101948,12955,32.77257779
E05000318,Rainham and Wennington,Havering,1690,17,12764,7.552662722,755.2662722,12482,7.385798817
E05000319,Romford Town,Havering,286.6,3,17601,61,6141.311933,15921,55.551291
E05000320,St. Andrew's,Havering,268.7,3,13451,50,5005.954596,13334,49.62411611
E05000321,South Hornchurch,Havering,684.7,7,15002,22,2191.032569,13544,19.78092595
E05000322,Squirrel's Heath,Havering,264.6,3,13879,52,5245.275888,13194,49.86394558
E05000323,Upminster,Havering,2253.4,23,12946,5.745096299,574.5096299,12833,5.694949854
E05000324,Barnhill,Hillingdon,211.9,2,14329,68,6762.151958,13449,63.46861727
E05000325,Botwell,Hillingdon,437.2,4,16388,37,3748.398902,15034,34.38700823
E05000326,Brunel,Hillingdon,327.7,3,14899,45,4546.536466,13841,42.23680195
E05000327,Cavendish,Hillingdon,201.3,2,12327,61,6123.695976,11658,57.91356185
E05000328,Charville,Hillingdon,297.3,3,13272,45,4464.177598,12622,42.45543222
E05000329,Eastcote and East Ruislip,Hillingdon,405.8,4,13209,33,3255.05175,12142,29.92114342
E05000330,Harefield,Hillingdon,1522.4,15,7873,5.171439832,517.1439832,7399,4.860089333
E05000331,Heathrow Villages,Hillingdon,2352.5,24,13609,5.784909671,578.4909671,12199,5.18554729
E05000332,Hillingdon East,Hillingdon,359.4,4,13872,39,3859.766277,12906,35.90984975
E05000333,Ickenham,Hillingdon,620.7,6,11051,18,1780.409215,10387,16.73433221
E05000334,Manor,Hillingdon,197.4,2,12199,62,6179.837893,11442,57.96352584
E05000335,Northwood,Hillingdon,740.6,7,11178,15,1509.31677,10469,14.13583581
E05000336,Northwood Hills,Hillingdon,332.8,3,12357,37,3713.040865,11578,34.78966346
E05000337,Pinkwell,Hillingdon,274.4,3,16297,59,5939.139942,14767,53.81559767
E05000338,South Ruislip,Hillingdon,741.1,7,13170,18,1777.088112,12364,16.6833086
E05000339,Townfield,Hillingdon,349.8,3,15400,44,4402.515723,14106,40.32590051
E05000340,Uxbridge North,Hillingdon,463.3,5,13252,29,2860.349665,12048,26.00474854
E05000341,Uxbridge South,Hillingdon,311.7,3,15299,49,4908.245107,13979,44.84760988
E05000342,West Drayton,Hillingdon,349,3,16255,47,4657.593123,14370,41.1747851
E05000343,West Ruislip,Hillingdon,439,4,11332,26,2581.321185,10611,24.17084282
E05000344,Yeading,Hillingdon,233.2,2,14838,64,6362.778731,13586,58.25900515
E05000345,Yiewsley,Hillingdon,401.3,4,14084,35,3509.59382,12979,32.34238724
E05000346,Bedfont,Hounslow,444.7,4,13566,31,3050.595907,12701,28.56082752
E05000347,Brentford,Hounslow,318.7,3,16190,51,5080.012551,14353,45.03608409
E05000348,Chiswick Homefields,Hounslow,225.6,2,12015,53,5325.797872,11346,50.29255319
E05000349,Chiswick Riverside,Hounslow,208.1,2,12178,59,5851.994234,11543,55.46852475
E05000350,Cranford,Hounslow,272.3,3,13132,48,4822.622108,12330,45.28094014
E05000351,Feltham North,Hounslow,338.4,3,11945,35,3529.846336,11563,34.16962175
E05000352,Feltham West,Hounslow,318.2,3,16291,51,5119.736015,15541,48.84035198
E05000353,Hanworth,Hounslow,325.1,3,12497,38,3844.047985,12155,37.38849585
E05000354,Hanworth Park,Hounslow,364.1,4,12861,35,3532.271354,11408,31.33205163
E05000355,Heston Central,Hounslow,168.5,2,12930,77,7673.590504,12288,72.92581602
E05000356,Heston East,Hounslow,200.4,2,12917,64,6445.608782,12319,61.47205589
E05000357,Heston West,Hounslow,383,4,13123,34,3426.370757,12438,32.47519582
E05000358,Hounslow Central,Hounslow,173.6,2,17064,98,9829.493088,15169,87.37903226
E05000359,Hounslow Heath,Hounslow,278.7,3,15678,56,5625.40366,14727,52.84176534
E05000360,Hounslow South,Hounslow,179.3,2,12115,68,6756.832125,11408,63.62520915
E05000361,Hounslow West,Hounslow,162.1,2,14268,88,8801.97409,12658,78.08760025
E05000362,Isleworth,Hounslow,203.1,2,12504,62,6156.573117,11977,58.97095027
E05000363,Osterley and Spring Grove,Hounslow,633.7,6,13770,22,2172.952501,13031,20.56335806
E05000364,Syon,Hounslow,285.2,3,14694,52,5152.173913,13554,47.52454418
E05000365,Turnham Green,Hounslow,176.6,2,12108,69,6856.17214,11448,64.82446206
E05000366,Barnsbury,Islington,83,1,13195,159,15897.59036,12201,147
E05000367,Bunhill,Islington,108.9,1,16596,152,15239.66942,14639,134.426079
E05000368,Caledonian,Islington,113.8,1,14659,129,12881.37083,13896,122.1089631
E05000369,Canonbury,Islington,80.7,1,12679,157,15711.27633,12072,149.5910781
E05000370,Clerkenwell,Islington,93.5,1,12154,130,12998.93048,11490,122.8877005
E05000371,Finsbury Park,Islington,91.6,1,15851,173,17304.58515,14358,156.7467249
E05000372,Highbury East,Islington,100.4,1,13049,130,12997.01195,11634,115.876494
E05000373,Highbury West,Islington,108.2,1,17709,164,16366.91312,15030,138.909427
E05000374,Hillrise,Islington,82.5,1,12864,156,15592.72727,11794,142.9575758
E05000375,Holloway,Islington,100.9,1,16315,162,16169.47473,14983,148.493558
E05000376,Junction,Islington,102.8,1,12823,125,12473.73541,12025,116.9747082
E05000377,Mildmay,Islington,82.6,1,13883,168,16807.50605,12917,156.3801453
E05000378,St. George's,Islington,84.6,1,13077,155,15457.44681,12400,146.572104
E05000379,St. Mary's,Islington,86.9,1,12333,142,14192.17491,11553,132.9459148
E05000380,St. Peter's,Islington,81,1,13192,163,16286.41975,11822,145.9506173
E05000381,Tollington,Islington,84.7,1,14185,167,16747.34357,13311,157.1546635
E05000382,Abingdon,Kensington and Chelsea,62.9,1,10831,172,17219.39587,10013,159.1891892
E05000383,Brompton,Kensington and Chelsea,95.5,1,8899,93,9318.324607,8839,92.55497382
E05000384,Campden,Kensington and Chelsea,91.2,1,8195,90,8985.745614,8178,89.67105263
E05000385,Colville,Kensington and Chelsea,39.1,0,8071,206,20641.94373,8377,214.2455243
E05000386,Courtfield,Kensington and Chelsea,48.2,0,8515,177,17665.9751,8933,185.3319502
E05000387,Cremorne,Kensington and Chelsea,61.2,1,7696,126,12575.1634,7964,130.130719
E05000388,Earl's Court,Kensington and Chelsea,45.9,0,8820,192,19215.68627,9104,198.3442266
E05000389,Golborne,Kensington and Chelsea,94.9,1,8941,94,9421.496312,8937,94.17281349
E05000390,Hans Town,Kensington and Chelsea,55.2,1,8553,155,15494.56522,8792,159.2753623
E05000391,Holland,Kensington and Chelsea,103.9,1,9597,92,9236.766121,9767,94.00384986
E05000392,Norland,Kensington and Chelsea,72.7,1,8512,117,11708.39065,8675,119.3259972
E05000393,Notting Barns,Kensington and Chelsea,62.3,1,9224,148,14805.77849,9537,153.081862
E05000394,Pembridge,Kensington and Chelsea,48.8,0,7451,153,15268.44262,7659,156.9467213
E05000395,Queen's Gate,Kensington and Chelsea,60.5,1,9503,157,15707.43802,9847,162.7603306
E05000396,Redcliffe,Kensington and Chelsea,69.4,1,9158,132,13195.96542,9245,133.2132565
E05000397,Royal Hospital,Kensington and Chelsea,90.1,1,7202,80,7993.340733,7252,80.48834628
E05000398,St. Charles,Kensington and Chelsea,70.9,1,8991,127,12681.24118,9343,131.7771509
E05000399,Stanley,Kensington and Chelsea,66.3,1,7927,120,11956.25943,8187,123.4841629
E05000400,Alexandra,Kingston upon Thames,267.7,3,9833,37,3673.141576,9246,34.53866268
E05000401,Berrylands,Kingston upon Thames,145.2,1,10201,70,7025.482094,9437,64.99311295
E05000402,Beverley,Kingston upon Thames,188,2,10761,57,5723.93617,10109,53.7712766
E05000403,Canbury,Kingston upon Thames,124.1,1,13582,109,10944.39968,12373,99.70185334
E05000404,Chessington North and Hook,Kingston upon Thames,192.9,2,9119,47,4727.319855,8741,45.31363401
E05000405,Chessington South,Kingston upon Thames,755.2,8,10768,14,1425.847458,10232,13.54872881
E05000406,Coombe Hill,Kingston upon Thames,441,4,10980,25,2489.795918,10357,23.48526077
E05000407,Coombe Vale,Kingston upon Thames,164.7,2,10191,62,6187.613843,9750,59.19854281
E05000408,Grove,Kingston upon Thames,192,2,11988,62,6243.75,10955,57.05729167
E05000409,Norbiton,Kingston upon Thames,134.8,1,10934,81,8111.275964,10107,74.97774481
E05000410,Old Malden,Kingston upon Thames,180.5,2,9943,55,5508.587258,9431,52.24930748
E05000411,St. James,Kingston upon Thames,216.7,2,9462,44,4366.405168,8969,41.38901707
E05000412,St. Mark's,Kingston upon Thames,137.6,1,11440,83,8313.953488,10483,76.18459302
E05000413,Surbiton Hill,Kingston upon Thames,166.4,2,11088,67,6663.461538,10459,62.85456731
E05000414,Tolworth and Hook Rise,Kingston upon Thames,259.5,3,10573,41,4074.373796,9833,37.89210019
E05000415,Tudor,Kingston upon Thames,158.3,2,10032,63,6337.334176,9578,60.50536955
E05000416,Bishop's,Lambeth,153.4,2,10382,68,6767.926988,9675,63.07040417
E05000417,Brixton Hill,Lambeth,112.9,1,16628,147,14728.07795,15842,140.3188663
E05000418,Clapham Common,Lambeth,134.3,1,13782,103,10262.09978,12852,95.69620253
E05000419,Clapham Town,Lambeth,112,1,14819,132,13231.25,13795,123.1696429
E05000420,Coldharbour,Lambeth,120.8,1,17380,144,14387.41722,16784,138.9403974
E05000421,Ferndale,Lambeth,85.3,1,16034,188,18797.1864,15032,176.2250879
E05000422,Gipsy Hill,Lambeth,157,2,14683,94,9352.229299,13712,87.33757962
E05000423,Herne Hill,Lambeth,203.2,2,16088,79,7917.322835,15107,74.34547244
E05000424,Knight's Hill,Lambeth,147.3,1,15542,106,10551.25594,14763,100.2240326
E05000425,Larkhall,Lambeth,105.9,1,18541,175,17508.02644,17243,162.8234183
E05000426,Oval,Lambeth,127.5,1,16211,127,12714.5098,15106,118.4784314
E05000427,Prince's,Lambeth,116.2,1,15217,131,13095.52496,14262,122.7366609
E05000428,St. Leonard's,Lambeth,144.9,1,15540,107,10724.63768,14550,100.4140787
E05000429,Stockwell,Lambeth,86.9,1,15661,180,18021.86421,14777,170.0460299
E05000430,Streatham Hill,Lambeth,127.3,1,15195,119,11936.37078,14263,112.0424195
E05000431,Streatham South,Lambeth,169.8,2,14815,87,8724.970554,14336,84.42873969
E05000432,Streatham Wells,Lambeth,145.1,1,16088,111,11087.52584,14906,102.7291523
E05000433,Thornton,Lambeth,108.3,1,13733,127,12680.51708,12526,115.6602031
E05000434,Thurlow Park,Lambeth,151.5,2,14352,95,9473.267327,13641,90.03960396
E05000435,Tulse Hill,Lambeth,102.9,1,16386,159,15924.19825,15771,153.2653061
E05000436,Vassall,Lambeth,112.9,1,14931,132,13224.97786,14143,125.2701506
E05000437,Bellingham,Lewisham,308.5,3,15644,51,5070.988655,14775,47.89303079
E05000438,Blackheath,Lewisham,231.3,2,14950,65,6463.467358,14039,60.69606572
E05000439,Brockley,Lewisham,168.6,2,18354,109,10886.121,17156,101.7556346
E05000440,Catford South,Lewisham,186.8,2,15759,84,8436.295503,15214,81.44539615
E05000441,Crofton Park,Lewisham,172.1,2,15716,91,9131.900058,14937,86.79256246
E05000442,Downham,Lewisham,238.9,2,15252,64,6384.261197,14567,60.97530347
E05000443,Evelyn,Lewisham,177.4,2,18047,102,10173.05524,16603,93.59075536
E05000444,Forest Hill,Lewisham,182.8,2,16074,88,8793.21663,14854,81.25820569
E05000445,Grove Park,Lewisham,239.2,2,15445,65,6456.939799,14648,61.23745819
E05000446,Ladywell,Lewisham,160.9,2,15273,95,9492.2312,14515,90.21131137
E05000447,Lee Green,Lewisham,180.9,2,15548,86,8594.803759,14573,80.55831951
E05000448,Lewisham Central,Lewisham,205.6,2,19217,93,9346.789883,17446,84.8540856
E05000449,New Cross,Lewisham,181.7,2,16955,93,9331.315355,15756,86.71436434
E05000450,Perry Vale,Lewisham,168.4,2,16592,99,9852.731591,15618,92.74346793
E05000451,Rushey Green,Lewisham,178.1,2,16353,92,9181.92027,14916,83.75070185
E05000452,Sydenham,Lewisham,174.5,2,16439,94,9420.630372,15605,89.4269341
E05000453,Telegraph Hill,Lewisham,154.4,2,17465,113,11311.5285,16414,106.3082902
E05000454,Whitefoot,Lewisham,222.4,2,15012,68,6750,14249,64.0692446
E05000455,Abbey,Merton,139.3,1,10739,77,7709.260589,10323,74.10624551
E05000456,Cannon Hill,Merton,222.4,2,9476,43,4260.791367,9249,41.58723022
E05000457,Colliers Wood,Merton,111.1,1,11130,100,10018.0018,10712,96.41764176
E05000458,Cricket Green,Merton,299.7,3,11748,39,3919.91992,11474,38.28495162
E05000459,Dundonald,Merton,115.1,1,9769,85,8487.402259,9275,80.58210252
E05000460,Figge's Marsh,Merton,114.3,1,11919,104,10427.82152,11240,98.33770779
E05000461,Graveney,Merton,88.4,1,10114,114,11441.17647,9816,111.040724
E05000462,Hillside,Merton,118.4,1,9385,79,7926.52027,8977,75.81925676
E05000463,Lavender Fields,Merton,118,1,10802,92,9154.237288,10273,87.05932203
E05000464,Longthornton,Merton,148.1,1,10808,73,7297.771776,10024,67.6839973
E05000465,Lower Morden,Merton,180.8,2,9120,50,5044.247788,9090,50.27654867
E05000466,Merton Park,Merton,181.7,2,9759,54,5370.941112,9485,52.20143093
E05000467,Pollards Hill,Merton,215.9,2,11117,51,5149.143122,10287,47.64705882
E05000468,Ravensbury,Merton,183.8,2,10169,55,5532.644178,9968,54.23286181
E05000469,Raynes Park,Merton,185.3,2,10198,55,5503.507825,9738,52.55261738
E05000470,St. Helier,Merton,184.2,2,10991,60,5966.883822,10414,56.53637351
E05000471,Trinity,Merton,107.4,1,10242,95,9536.312849,9798,91.22905028
E05000472,Village,Merton,621.8,6,8623,14,1386.780315,8491,13.65551624
E05000473,West Barnes,Merton,195.1,2,10651,55,5459.251666,9862,50.5484367
E05000474,Wimbledon Park,Merton,230,2,11673,51,5075.217391,11197,48.6826087
E05000475,Beckton,Newham,625.6,6,15589,25,2491.847826,15141,24.20236573
E05000476,Boleyn,Newham,91.6,1,16547,181,18064.41048,15982,174.4759825
E05000477,Canning Town North,Newham,252.3,3,16592,66,6576.298058,14810,58.69996036
E05000478,Canning Town South,Newham,181.7,2,17717,98,9750.687947,15996,88.03522289
E05000479,Custom House,Newham,206.3,2,14081,68,6825.496849,13411,65.00727096
E05000480,East Ham Central,Newham,103.9,1,16440,158,15822.90664,15917,153.1953802
E05000481,East Ham North,Newham,90.4,1,14037,155,15527.65487,13866,153.3849558
E05000482,East Ham South,Newham,181.2,2,16087,89,8878.03532,15575,85.95474614
E05000483,Forest Gate North,Newham,124.6,1,16420,132,13178.17014,16257,130.4735152
E05000484,Forest Gate South,Newham,119.2,1,18011,151,15109.89933,17362,145.6543624
E05000485,Green Street East,Newham,74.3,1,16651,224,22410.49798,15885,213.795424
E05000486,Green Street West,Newham,80.5,1,15745,196,19559.00621,15113,187.7391304
E05000487,Little Ilford,Newham,189.9,2,17397,92,9161.137441,16633,87.58820432
E05000488,Manor Park,Newham,135,1,15591,115,11548.88889,15318,113.4666667
E05000489,Plaistow North,Newham,98.1,1,16077,164,16388.3792,15470,157.6962283
E05000490,Plaistow South,Newham,138.6,1,16760,121,12092.35209,16404,118.3549784
E05000491,Royal Docks,Newham,479.3,5,13311,28,2777.175047,10679,22.28040893
E05000492,Stratford and New Town,Newham,423.7,4,28066,66,6624.026434,17768,41.9353316
E05000493,Wall End,Newham,137.9,1,15451,112,11204.49601,14846,107.657723
E05000494,West Ham,Newham,133.5,1,16030,120,12007.49064,15551,116.4868914
E05000495,Aldborough,Redbridge,861.2,9,15554,18,1806.084533,14544,16.88806317
E05000496,Barkingside,Redbridge,152.7,2,13393,88,8770.792403,12609,82.57367387
E05000497,Bridge,Redbridge,257.9,3,12250,47,4749.903063,11658,45.20356727
E05000498,Chadwell,Redbridge,151.4,2,15523,103,10252.97226,14257,94.1677675
E05000499,Church End,Redbridge,149.2,1,12237,82,8201.742627,11516,77.1849866
E05000500,Clayhall,Redbridge,249.1,2,13798,55,5539.140907,13241,53.15535929
E05000501,Clementswood,Redbridge,127.1,1,16915,133,13308.41857,14666,115.3894571
E05000502,Cranbrook,Redbridge,240.6,2,13540,56,5627.597672,12780,53.11720698
E05000503,Fairlop,Redbridge,359.4,4,13303,37,3701.446856,12630,35.14190317
E05000504,Fullwell,Redbridge,218.5,2,13498,62,6177.574371,12910,59.08466819
E05000505,Goodmayes,Redbridge,164.8,2,13823,84,8387.742718,13069,79.30218447
E05000506,Hainault,Redbridge,564.2,6,13622,24,2414.39206,12953,22.95817086
E05000507,Loxford,Redbridge,128.7,1,17620,137,13690.75369,16544,128.5470085
E05000508,Mayfield,Redbridge,188.4,2,14592,77,7745.22293,13672,72.56900212
E05000509,Monkhams,Redbridge,307.5,3,10974,36,3568.780488,10422,33.89268293
E05000510,Newbury,Redbridge,211.7,2,17762,84,8390.174776,16760,79.16863486
E05000511,Roding,Redbridge,234.4,2,12554,54,5355.802048,12044,51.38225256
E05000512,Seven Kings,Redbridge,208.2,2,16485,79,7917.867435,15164,72.83381364
E05000513,Snaresbrook,Redbridge,198.6,2,12474,63,6280.966767,11865,59.74320242
E05000514,Valentines,Redbridge,150.2,2,15299,102,10185.75233,14123,94.02796272
E05000515,Wanstead,Redbridge,519.8,5,12253,24,2357.25279,11543,22.20661793
E05000516,Barnes,Richmond upon Thames,301,3,10538,35,3500.996678,10299,34.21594684
E05000517,East Sheen,Richmond upon Thames,583.5,6,11089,19,1900.428449,10348,17.73436161
E05000518,Fulwell and Hampton Hill,Richmond upon Thames,191.8,2,10483,55,5465.589155,10131,52.82064651
E05000519,"Ham, Petersham & Richmond Riverside",Richmond upon Thames,944.6,9,10786,11,1141.858988,10317,10.92208342
E05000520,Hampton,Richmond upon Thames,687.7,7,10376,15,1508.797441,9985,14.51941253
E05000521,Hampton North,Richmond upon Thames,195,2,9791,50,5021.025641,9387,48.13846154
E05000522,Hampton Wick,Richmond upon Thames,274.6,3,10678,39,3888.565186,10221,37.22141296
E05000523,Heathfield,Richmond upon Thames,191.2,2,10792,56,5644.351464,10313,53.93828452
E05000524,Kew,Richmond upon Thames,357.5,4,11891,33,3326.153846,11436,31.98881119
E05000525,Mortlake and Barnes Common,Richmond upon Thames,193.8,2,11472,59,5919.504644,10919,56.34158927
E05000526,North Richmond,Richmond upon Thames,280,3,11330,40,4046.428571,10649,38.03214286
E05000527,St. Margarets & North Twickenham,Richmond upon Thames,200.6,2,12117,60,6040.378863,11172,55.69292124
E05000528,South Richmond,Richmond upon Thames,269.2,3,11443,43,4250.742942,10820,40.19316493
E05000529,South Twickenham,Richmond upon Thames,172.7,2,10393,60,6017.950203,9987,57.82860452
E05000530,Teddington,Richmond upon Thames,429.6,4,10711,25,2493.249534,10330,24.04562384
E05000531,Twickenham Riverside,Richmond upon Thames,196.2,2,11004,56,5608.562691,10396,52.98674822
E05000532,West Twickenham,Richmond upon Thames,245.6,2,11041,45,4495.521173,10528,42.86644951
E05000533,Whitton,Richmond upon Thames,162.3,2,10240,63,6309.303758,9752,60.08626001
E05000534,Brunswick Park,Southwark,93.5,1,13418,144,14350.80214,13174,140.8983957
E05000535,Camberwell Green,Southwark,97.5,1,16004,164,16414.35897,15032,154.174359
E05000536,Cathedrals,Southwark,176.3,2,16008,91,9079.977311,14941,84.74758934
E05000537,Chaucer,Southwark,82.3,1,15358,187,18660.99635,15178,184.4228433
E05000538,College,Southwark,323.4,3,12399,38,3833.951763,11812,36.52442795
E05000539,East Dulwich,Southwark,101.9,1,12945,127,12703.63101,12321,120.9126595
E05000540,East Walworth,Southwark,114.4,1,13447,118,11754.37063,11557,101.0227273
E05000541,Faraday,Southwark,87.7,1,13232,151,15087.79932,12839,146.3968073
E05000542,Grange,Southwark,120.5,1,16559,137,13741.90871,15362,127.4854772
E05000543,Livesey,Southwark,143.6,1,15016,105,10456.82451,14129,98.3913649
E05000544,Newington,Southwark,83.2,1,15109,182,18159.85577,14136,169.9038462
E05000545,Nunhead,Southwark,132.2,1,14044,106,10623.29803,13620,103.0257186
E05000546,Peckham,Southwark,87.2,1,15379,176,17636.46789,14720,168.8073394
E05000547,Peckham Rye,Southwark,225.3,2,14223,63,6312.916112,13518,60
E05000548,Riverside,Southwark,133.2,1,16171,121,12140.39039,14390,108.033033
E05000549,Rotherhithe,Southwark,149.2,1,14916,100,9997.319035,13743,92.11126005
E05000550,South Bermondsey,Southwark,97.3,1,14386,148,14785.20041,13780,141.6238438
E05000551,South Camberwell,Southwark,133.1,1,13202,99,9918.858002,12629,94.88354621
E05000552,Surrey Docks,Southwark,190.1,2,15192,80,7991.583377,13435,70.67332983
E05000553,The Lane,Southwark,139,1,16797,121,12084.17266,15565,111.9784173
E05000554,Village,Southwark,278.8,3,12929,46,4637.374462,12402,44.48350072
E05000555,Beddington North,Sutton,498,5,10899,22,2188.554217,10309,20.70080321
E05000556,Beddington South,Sutton,306.1,3,11160,36,3645.867364,10667,34.84808886
E05000557,Belmont,Sutton,233.7,2,10643,46,4554.129226,10048,42.99529311
E05000558,Carshalton Central,Sutton,202.7,2,10652,53,5255.056734,10039,49.52639369
E05000559,Carshalton South and Clockhouse,Sutton,705.6,7,10193,14,1444.586168,9715,13.76842404
E05000560,Cheam,Sutton,393.8,4,10792,27,2740.4774,10285,26.11731844
E05000561,Nonsuch,Sutton,190.6,2,11004,58,5773.347324,10641,55.82896118
E05000562,St. Helier,Sutton,150,2,12468,83,8312,11949,79.66
E05000563,Stonecot,Sutton,198.1,2,11180,56,5643.614336,10712,54.07370015
E05000564,Sutton Central,Sutton,131,1,11886,91,9073.282443,10993,83.91603053
E05000565,Sutton North,Sutton,187.5,2,11132,59,5937.066667,10355,55.22666667
E05000566,Sutton South,Sutton,127.2,1,10285,81,8085.691824,9599,75.46383648
E05000567,Sutton West,Sutton,177.9,2,11269,63,6334.45756,10536,59.22428331
E05000568,The Wrythe,Sutton,148.2,1,10689,72,7212.550607,10163,68.57624831
E05000569,Wallington North,Sutton,161.7,2,11309,70,6993.815708,10650,65.86270872
E05000570,Wallington South,Sutton,171.9,2,10787,63,6275.159977,10200,59.33682373
E05000571,Wandle Valley,Sutton,205.5,2,12423,60,6045.255474,11630,56.59367397
E05000572,Worcester Park,Sutton,195.7,2,12440,64,6356.66837,11655,59.555442
E05000573,Bethnal Green North,Tower Hamlets,82.3,1,14642,178,17791.00851,13683,166.2575942
E05000574,Bethnal Green South,Tower Hamlets,88.1,1,15055,171,17088.53575,14166,160.7945516
E05000575,Blackwall and Cubitt Town,Tower Hamlets,296.7,3,23079,78,7778.564206,19461,65.59150657
E05000576,Bow East,Tower Hamlets,185.8,2,17048,92,9175.457481,14781,79.5532831
E05000577,Bow West,Tower Hamlets,134.7,1,14087,105,10458.05494,12939,96.05790646
E05000578,Bromley-by-Bow,Tower Hamlets,107.4,1,18690,174,17402.23464,14480,134.8230912
E05000579,East India and Lansbury,Tower Hamlets,122.4,1,16703,136,13646.24183,14859,121.3970588
E05000580,Limehouse,Tower Hamlets,114.2,1,17239,151,15095.44658,15986,139.9824869
E05000581,Mile End and Globe Town,Tower Hamlets,90,1,16392,182,18213.33333,15190,168.7777778
E05000582,Mile End East,Tower Hamlets,107,1,14901,139,13926.16822,13354,124.8037383
E05000583,Millwall,Tower Hamlets,245.8,2,27059,110,11008.54353,23084,93.91375102
E05000584,St. Dunstan's and Stepney Green,Tower Hamlets,101.8,1,18128,178,17807.46562,16238,159.5088409
E05000585,St. Katherine's and Wapping,Tower Hamlets,150.6,2,14098,94,9361.22178,12411,82.41035857
E05000586,Shadwell,Tower Hamlets,96.3,1,16044,167,16660.43614,15110,156.9055036
E05000587,Spitalfields and Banglatown,Tower Hamlets,63.8,1,11660,183,18275.86207,10286,161.2225705
E05000588,Weavers,Tower Hamlets,77.9,1,15255,196,19582.79846,13206,169.5250321
E05000589,Whitechapel,Tower Hamlets,91.8,1,16998,185,18516.33987,14862,161.8954248
E05000590,Cann Hall,Waltham Forest,86,1,14174,165,16481.39535,13799,160.4534884
E05000591,Cathall,Waltham Forest,105.7,1,13370,126,12649.00662,12700,120.1513718
E05000592,Chapel End,Waltham Forest,184.2,2,15041,82,8165.58089,14086,76.47122693
E05000593,Chingford Green,Waltham Forest,372.8,4,10792,29,2894.849785,10287,27.59388412
E05000594,Endlebury,Waltham Forest,195.9,2,11135,57,5684.02246,10730,54.77284329
E05000595,Forest,Waltham Forest,198.5,2,13039,66,6568.765743,12609,63.52141058
E05000596,Grove Green,Waltham Forest,89.8,1,15578,173,17347.43875,14604,162.6280624
E05000597,Hale End and Highams Park,Waltham Forest,235,2,12702,54,5405.106383,11355,48.31914894
E05000598,Hatch Lane,Waltham Forest,241.8,2,11425,47,4724.979322,11058,45.73200993
E05000599,High Street,Waltham Forest,306.1,3,15233,50,4976.478275,14127,46.15158445
E05000600,Higham Hill,Waltham Forest,322.2,3,14305,44,4439.788951,13194,40.94972067
E05000601,Hoe Street,Waltham Forest,109.7,1,14902,136,13584.32088,13912,126.8185962
E05000602,Larkswood,Waltham Forest,206.9,2,11631,56,5621.556307,11337,54.79458676
E05000603,Lea Bridge,Waltham Forest,264.5,3,16673,63,6303.591682,15671,59.24763705
E05000604,Leyton,Waltham Forest,203.6,2,15451,76,7588.899804,14184,69.66601179
E05000605,Leytonstone,Waltham Forest,131,1,13291,101,10145.80153,12879,98.3129771
E05000606,Markhouse,Waltham Forest,145.4,1,14740,101,10137.55158,13636,93.7826685
E05000607,Valley,Waltham Forest,198.1,2,11884,60,5998.990409,11444,57.76880363
E05000608,William Morris,Waltham Forest,99.9,1,14272,143,14286.28629,13269,132.8228228
E05000609,Wood Street,Waltham Forest,184.5,2,14302,78,7751.761518,13368,72.45528455
E05000610,Balham,Wandsworth,120.8,1,15277,126,12646.52318,14751,122.1109272
E05000611,Bedford,Wandsworth,180.4,2,14699,81,8148.004435,14575,80.79268293
E05000612,Earlsfield,Wandsworth,141.1,1,16136,114,11435.86109,15448,109.4826364
E05000613,East Putney,Wandsworth,160.9,2,15731,98,9776.88005,15022,93.36233686
E05000614,Fairfield,Wandsworth,145.5,1,15055,103,10347.07904,14613,100.4329897
E05000615,Furzedown,Wandsworth,141.3,1,15700,111,11111.11111,15504,109.7239915
E05000616,Graveney,Wandsworth,100.8,1,15750,156,15625,15198,150.7738095
E05000617,Latchmere,Wandsworth,108.5,1,15650,144,14423.96313,15358,141.5483871
E05000618,Nightingale,Wandsworth,123.1,1,15100,123,12266.45004,14679,119.2445167
E05000619,Northcote,Wandsworth,167.9,2,15700,94,9350.80405,14940,88.98153663
E05000620,Queenstown,Wandsworth,320.8,3,17350,54,5408.354115,16331,50.90710723
E05000621,Roehampton,Wandsworth,442.4,4,16350,37,3695.750452,16132,36.46473779
E05000622,St. Mary's Park,Wandsworth,139.6,1,17000,122,12177.65043,16556,118.5959885
E05000623,Shaftesbury,Wandsworth,94.8,1,14600,154,15400.84388,14160,149.3670886
E05000624,Southfields,Wandsworth,152.2,2,17300,114,11366.62286,16256,106.8068331
E05000625,Thamesfield,Wandsworth,192.1,2,16250,85,8459.135867,14842,77.26184279
E05000626,Tooting,Wandsworth,160.4,2,16850,105,10504.98753,16239,101.2406484
E05000627,Wandsworth Common,Wandsworth,276,3,15400,56,5579.710145,15247,55.24275362
E05000628,West Hill,Wandsworth,168.8,2,16850,100,9982.227488,16402,97.16824645
E05000629,West Putney,Wandsworth,184.6,2,15250,83,8261.105092,14742,79.85915493
E05000630,Abbey Road,Westminster,109.5,1,12200,111,11141.55251,11250,102.739726
E05000631,Bayswater,Westminster,51.8,1,10950,211,21138.99614,10300,198.8416988
E05000632,Bryanston and Dorset Square,Westminster,72.3,1,12950,179,17911.47994,11991,165.8506224
E05000633,Churchill,Westminster,60.9,1,10450,172,17159.2775,9618,157.9310345
E05000634,Church Street,Westminster,44.4,0,12300,277,27702.7027,11760,264.8648649
E05000635,Harrow Road,Westminster,49.5,0,13000,263,26262.62626,12034,243.1111111
E05000636,Hyde Park,Westminster,95.9,1,13500,141,14077.16371,12462,129.9478624
E05000637,Knightsbridge and Belgravia,Westminster,359.3,4,9500,26,2644.030058,9270,25.80016699
E05000638,Lancaster Gate,Westminster,63,1,14150,225,22460.31746,13195,209.4444444
E05000639,Little Venice,Westminster,63.6,1,11350,178,17845.91195,10633,167.1855346
E05000640,Maida Vale,Westminster,64.6,1,11050,171,17105.26316,10210,158.0495356
E05000641,Marylebone High Street,Westminster,100.1,1,11150,111,11138.86114,10366,103.5564436
E05000642,Queen's Park,Westminster,58.3,1,13200,226,22641.50943,12563,215.4888508
E05000643,Regent's Park,Westminster,225.6,2,12900,57,5718.085106,12067,53.48847518
E05000644,St. James's,Westminster,346.8,3,12050,35,3474.625144,10828,31.22260669
E05000645,Tachbrook,Westminster,44.4,0,8850,199,19932.43243,8158,183.7387387
E05000646,Vincent Square,Westminster,68.6,1,10750,157,15670.55394,9988,145.5976676
E05000647,Warwick,Westminster,57.4,1,9950,173,17334.49477,9369,163.2229965
E05000648,Westbourne,Westminster,67.4,1,13300,197,19732.93769,12759,189.3026706
E05000649,West End,Westminster,199.6,2,11500,58,5761.523046,10575,52.98096192
E09000002,Barking and Dagenham,Outer,"3,611",36.1,"203,600",56.4,"5,639","185,900",51.5
E09000003,Barnet,Outer,"8,675",86.7,"383,100",44.2,"4,416","356,400",41.1
E09000004,Bexley,Outer,"6,058",60.6,"240,600",39.7,"3,972","232,000",38.3
E09000005,Brent,Outer,"4,323",43.2,"325,300",75.2,"7,524","311,200",72
E09000006,Bromley,Outer,"15,013",150.1,"324,600",21.6,"2,162","309,400",20.6
E09000007,Camden,Inner,"2,179",21.8,"237,400",109,"10,895","220,300",101.1
E09000008,Croydon,Outer,"8,650",86.5,"380,700",44,"4,401","363,400",42
E09000009,Ealing,Outer,"5,554",55.5,"349,700",63,"6,296","338,400",60.9
E09000010,Enfield,Outer,"8,083",80.8,"329,000",40.7,"4,070","312,500",38.7
E09000011,Greenwich,Outer,"4,733",47.3,"273,000",57.7,"5,768","254,600",53.8
E09000012,Hackney,Inner,"1,905",19,"265,300",139.3,"13,927","246,300",129.3
E09000013,Hammersmith and Fulham,Inner,"1,640",16.4,"181,700",110.8,"11,081","182,500",111.3
E09000014,Haringey,Inner,"2,960",29.6,"271,000",91.6,"9,156","254,900",86.1
E09000015,Harrow,Outer,"5,046",50.5,"249,800",49.5,"4,950","239,100",47.4
E09000016,Havering,Outer,"11,235",112.3,"247,700",22,"2,205","237,200",21.1
E09000017,Hillingdon,Outer,"11,570",115.7,"296,500",25.6,"2,563","273,900",23.7
E09000018,Hounslow,Outer,"5,598",56,"271,800",48.6,"4,855","254,000",45.4
E09000019,Islington,Inner,"1,486",14.9,"224,600",151.2,"15,118","206,100",138.7
E09000020,Kensington and Chelsea,Inner,"1,212",12.1,"156,100",128.8,"12,875","158,700",130.9
E09000021,Kingston upon Thames,Outer,"3,726",37.3,"170,900",45.9,"4,587","160,100",43
E09000022,Lambeth,Inner,"2,681",26.8,"322,000",120.1,"12,010","303,100",113.1
E09000023,Lewisham,Inner,"3,515",35.1,"294,100",83.7,"8,367","275,900",78.5
E09000024,Merton,Outer,"3,762",37.6,"208,500",55.4,"5,542","199,700",53.1
E09000025,Newham,Inner,"3,620",36.2,"332,600",91.9,"9,188","308,000",85.1
E09000026,Redbridge,Outer,"5,642",56.4,"297,400",52.7,"5,271","279,000",49.5
E09000027,Richmond upon Thames,Outer,"5,741",57.4,"196,200",34.2,"3,418","187,000",32.6
E09000028,Southwark,Inner,"2,886",28.9,"306,700",106.3,"10,626","288,300",99.9
E09000029,Sutton,Outer,"4,385",43.8,"201,200",45.9,"4,589","190,100",43.4
E09000030,Tower Hamlets,Inner,"1,978",19.8,"287,100",145.1,"14,514","254,100",128.5
E09000031,Waltham Forest,Outer,"3,881",38.8,"273,900",70.6,"7,058","258,200",66.5
E09000032,Wandsworth,Inner,"3,426",34.3,"318,000",92.8,"9,281","307,000",89.6
E09000033,Westminster,Inner,"2,149",21.5,"235,000",109.4,"10,937","219,400",102.1
E13000001,Inner London,,"31,929",319.3,"3,439,700",107.7,"10,773","3,231,900",101.2
E13000002,Outer London,,"125,424","1,254.20","5,223,500",41.6,"4,165","4,942,100",39.4
E12000007,London,,"157,215","1,572.10","8,663,300",55.1,"5,510","8,173,900",52