Ward_name,Old_code,New_code,Population_2015,In_employment_2011,Number_of_jobs_2013,Median_House_Price_2014,Median_Household_income_2012,Average_Public_Transport_Accessibility_score_2014
City_of_London,00AA,E09000001,8100,4555,392400,765000,63620,7.9
Barking_and_Dagenham_Abbey,00ABFX,E05000026,14750,5444,9500,173000,33920,6
Barking_and_Dagenham_Alibon,00ABFY,E05000027,10600,4143,1000,215000,32470,3.1
Barking_and_Dagenham_Becontree,00ABFZ,E05000028,12700,4598,1300,210000,33000,2.9
Barking_and_Dagenham_Chadwell_Heath,00ABGA,E05000029,10400,3819,1900,240500,33920,2.3
Barking_and_Dagenham_Eastbrook,00ABGB,E05000030,10750,4592,4000,240000,37400,2.3
Barking_and_Dagenham_Eastbury,00ABGC,E05000031,11900,4546,1200,220000,32870,2.7
Barking_and_Dagenham_Gascoigne,00ABGD,E05000032,15850,4382,2900,200000,29480,3.2
Barking_and_Dagenham_Goresbrook,00ABGE,E05000033,11450,4544,1300,205000,33250,2.5
Barking_and_Dagenham_Heath,00ABGF,E05000034,11150,4043,3100,215000,31340,2.7
Barking_and_Dagenham_Longbridge,00ABGG,E05000035,11900,4894,1300,312750,40570,3.1
Barking_and_Dagenham_Mayesbrook,00ABGH,E05000036,10550,3978,1100,212000,31530,2.5
Barking_and_Dagenham_Parsloes,00ABGJ,E05000037,10050,3785,700,213000,31860,2.7
Barking_and_Dagenham_River,00ABGK,E05000038,11950,4420,5100,205500,33490,3
Barking_and_Dagenham_Thames,00ABGL,E05000039,18950,4081,9700,219000,32580,2.1
Barking_and_Dagenham_Valence,00ABGM,E05000040,10250,3873,1900,215000,33200,3.2
Barking_and_Dagenham_Village,00ABGN,E05000041,11050,4242,1200,202500,31960,2.7
Barking_and_Dagenham_Whalebone,00ABGP,E05000042,11150,4617,2700,235000,37180,2.9
Barnet_Brunswick_Park,00ACFX,E05000043,17550,7603,3900,435000,39800,2.9
Barnet_Burnt_Oak,00ACFY,E05000044,19650,7674,2800,250000,29400,3.6
Barnet_Childs_Hill,00ACFZ,E05000045,21100,9309,7000,507500,38960,4.5
Barnet_Colindale,00ACGA,E05000046,26600,7344,9000,302500,30170,2.5
Barnet_Coppetts,00ACGB,E05000047,18050,8630,3800,335000,38090,2.9
Barnet_East_Barnet,00ACGC,E05000048,17100,7566,3700,368000,39870,2.8
Barnet_East_Finchley,00ACGD,E05000049,16850,8153,4200,437500,41160,2.6
Barnet_Edgware,00ACGE,E05000050,17600,7259,6900,455000,38410,3
Barnet_Finchley_Church_End,00ACGF,E05000051,16800,7386,6000,528000,45030,2.9
Barnet_Garden_Suburb,00ACGG,E05000052,16950,7373,6000,825000,53090,2.7
Barnet_Golders_Green,00ACGH,E05000053,24950,7635,6200,555250,40800,3.4
Barnet_Hale,00ACGJ,E05000054,18250,7828,3000,397250,38590,2.6
Barnet_Hendon,00ACGK,E05000055,19300,8381,8300,350000,38530,2.7
Barnet_High_Barnet,00ACGL,E05000056,16300,7421,6800,419423,43940,2.7
Barnet_Mill_Hill,00ACGM,E05000057,20000,8329,7300,520000,41920,2.3
Barnet_Oakleigh,00ACGN,E05000058,16650,7486,4400,366000,41670,3.3
Barnet_Totteridge,00ACGP,E05000059,16900,6849,5600,627750,46150,2.5
Barnet_Underhill,00ACGQ,E05000060,17300,6874,4900,389950,37040,2.6
Barnet_West_Finchley,00ACGR,E05000061,17500,8583,8700,385000,42050,3.6
Barnet_West_Hendon,00ACGS,E05000062,19250,8051,9800,346250,35090,3.5
Barnet_Woodhouse,00ACGT,E05000063,18700,8568,5900,370000,38220,2.9
Bexley_Barnehurst,00ADGA,E05000064,10600,4958,2200,250000,38200,3.1
Bexley_Belvedere,00ADGB,E05000065,12400,5439,3800,179500,33510,2.8
Bexley_Blackfen_and_Lamorbey,00ADGC,E05000066,10700,5157,1100,280000,40780,2.1
Bexley_Blendon_and_Penhill,00ADGD,E05000067,11000,5336,1500,275000,40340,2.1
Bexley_Brampton,00ADGE,E05000068,10600,4995,1700,315000,40790,2.7
Bexley_Christchurch,00ADGF,E05000069,11350,5368,8800,275000,40190,3.4
Bexley_Colyers,00ADGG,E05000070,11400,4951,800,247000,34450,2
Bexley_Crayford,00ADGH,E05000071,11950,5236,7300,231500,34900,2.1
Bexley_Cray_Meadows,00ADGJ,E05000072,11350,4952,7200,285000,35530,2.3
Bexley_Danson_Park,00ADGK,E05000073,11000,5217,2800,265750,38580,2.9
Bexley_East_Wickham,00ADGL,E05000074,11000,5028,1300,259498,36260,2.5
Bexley_Erith,00ADGM,E05000075,12800,5266,6000,181000,33160,2.6
Bexley_Falconwood_and_Welling,00ADGN,E05000076,10950,5362,1800,280000,39000,2.4
Bexley_Lesnes_Abbey,00ADGP,E05000077,11450,5023,700,257500,35630,2.8
Bexley_Longlands,00ADGQ,E05000078,10600,4882,3600,250000,40880,2.7
Bexley_North_End,00ADGR,E05000079,11850,4584,3700,204498,29930,2.6
Bexley_Northumberland_Heath,00ADGS,E05000080,10700,5016,1800,250000,37130,2.1
Bexley_St._Marys,00ADGT,E05000081,10550,4934,2000,315000,44010,2.6
Bexley_St._Michaels,00ADGU,E05000082,11250,5423,1100,280000,38510,2.2
Bexley_Sidcup,00ADGW,E05000083,11000,5150,6000,280000,41220,3.2
Bexley_Thamesmead_East,00ADGX,E05000084,12550,4997,4100,190000,32100,2.6
Brent_Alperton,00AEGJ,E05000085,15300,6753,9000,249950,31250,3
Brent_Barnhill,00AEGK,E05000086,16250,6768,3700,333000,34630,3
Brent_Brondesbury_Park,00AEGL,E05000087,13300,6646,2000,465000,40020,3.8
Brent_Dollis_Hill,00AEGM,E05000088,13650,5254,6000,306000,30990,2.9
Brent_Dudden_Hill,00AEGN,E05000089,15750,6936,3700,495000,33470,3.4
Brent_Fryent,00AEGP,E05000090,14150,6015,4300,263750,35590,2.8
Brent_Harlesden,00AEGQ,E05000091,17500,6738,2200,305500,27030,3.8
Brent_Kensal_Green,00AEGR,E05000092,15050,7330,2000,500000,34640,4.1
Brent_Kenton,00AEGS,E05000093,12550,5637,2900,440000,42190,2.7
Brent_Kilburn,00AEGT,E05000094,17550,8518,3000,444632,34270,5.5
Brent_Mapesbury,00AEGU,E05000095,16000,8290,2200,450000,36830,4.5
Brent_Northwick_Park,00AEGW,E05000096,13300,6055,6700,470000,41100,2.7
Brent_Preston,00AEGX,E05000097,15750,6964,3900,350000,35960,3.4
Brent_Queens_Park,00AEGY,E05000098,15500,8501,5100,677500,42880,5
Brent_Queensbury,00AEGZ,E05000099,16800,6945,4600,366000,35110,3
Brent_Stonebridge,00AEHA,E05000100,17600,5789,19800,249950,25800,3.2
Brent_Sudbury,00AEHB,E05000101,15250,6931,2700,249950,33530,3.3
Brent_Tokyngton,00AEHC,E05000102,18900,7164,16000,322500,33130,3.5
Brent_Welsh_Harp,00AEHD,E05000103,14000,5999,1900,292475,31620,2.8
Brent_Wembley_Central,00AEHE,E05000104,16150,6963,6100,250000,31040,4.9
Brent_Willesden_Green,00AEHF,E05000105,15950,7834,3700,409500,31390,4.6
Bromley_Bickley,00AFGD,E05000106,15450,7004,4300,480000,47190,2.4
Bromley_Biggin_Hill,00AFGE,E05000107,10250,5104,2600,269950,40930,1.8
Bromley_Bromley_Common_and_Keston,00AFGF,E05000108,16250,6930,5600,350000,40510,2.3
Bromley_Bromley_Town,00AFGG,E05000109,18600,8832,23200,327000,43460,3.8
Bromley_Chelsfield_and_Pratts_Bottom,00AFGH,E05000110,14800,6957,3600,400000,44850,2.1
Bromley_Chislehurst,00AFGJ,E05000111,15400,6732,4800,395000,46250,2.1
Bromley_Clock_House,00AFGK,E05000112,16050,8308,3400,308750,41650,4
Bromley_Copers_Cope,00AFGL,E05000113,15950,8569,4900,315000,43170,3.3
Bromley_Cray_Valley_East,00AFGM,E05000114,15850,6623,7300,242000,32230,2.1
Bromley_Cray_Valley_West,00AFGN,E05000115,17150,6947,4600,250000,31740,2.3
Bromley_Crystal_Palace,00AFGP,E05000116,12950,6215,1900,250000,34060,4.6
Bromley_Darwin,00AFGQ,E05000117,5300,2293,1500,445000,42810,1.3
Bromley_Farnborough_and_Crofton,00AFGR,E05000118,14850,6412,6600,395000,44590,2.5
Bromley_Hayes_and_Coney_Hall,00AFGS,E05000119,16250,7529,3700,441250,45660,2.3
Bromley_Kelsey_and_Eden_Park,00AFGT,E05000120,16250,7470,4100,421599,44700,2.7
Bromley_Mottingham_and_Chislehurst_North,00AFGU,E05000121,10300,4313,1200,250000,32330,2.5
Bromley_Orpington,00AFGW,E05000122,15650,6648,6100,340000,38090,2.9
Bromley_Penge_and_Cator,00AFGX,E05000123,17900,8475,5000,320000,36090,4.2
Bromley_Petts_Wood_and_Knoll,00AFGY,E05000124,13950,6258,2700,485000,48530,2.8
Bromley_Plaistow_and_Sundridge,00AFGZ,E05000125,15600,7283,3800,295444,39460,2.9
Bromley_Shortlands,00AFHA,E05000126,10150,4629,1100,468000,48020,2.7
Bromley_West_Wickham,00AFHB,E05000127,15250,6917,3100,475000,46210,2.2
Camden_Belsize,00AGGD,E05000128,12800,6670,3200,850000,52680,4.2
Camden_Bloomsbury,00AGGE,E05000129,11700,4639,70900,560000,40340,8
Camden_Camden_Town_with_Primrose_Hill,00AGGF,E05000130,13100,6413,16100,813500,45840,5.4
Camden_Cantelowes,00AGGG,E05000131,12450,5731,2800,560000,39060,4.9
Camden_Fortune_Green,00AGGH,E05000132,12100,6598,2300,575000,46800,4.8
Camden_Frognal_and_Fitzjohns,00AGGJ,E05000133,12250,5692,5600,955000,60310,4.8
Camden_Gospel_Oak,00AGGK,E05000134,11500,5031,2800,599999,39990,4.1
Camden_Hampstead_Town,00AGGL,E05000135,11400,5750,11300,1190000,62840,4
Camden_Haverstock,00AGGM,E05000136,12750,5401,2700,547305,35730,4.7
Camden_Highgate,00AGGN,E05000137,11150,5163,2500,650000,47840,3.9
Camden_Holborn_and_Covent_Garden,00AGGP,E05000138,13700,6266,114000,685000,40180,7.9
Camden_Kentish_Town,00AGGQ,E05000139,13850,7131,11600,630100,41230,5.7
Camden_Kilburn,00AGGR,E05000140,12350,5745,3900,468000,34730,5.5
Camden_Kings_Cross,00AGGS,E05000141,12550,4277,18200,625000,32890,7.8
Camden_Regents_Park,00AGGT,E05000142,14700,5474,33800,600000,34260,6.8
Camden_St._Pancras_and_Somers_Town,00AGGU,E05000143,16200,5173,17000,465000,30500,7.1
Camden_Swiss_Cottage,00AGGW,E05000144,13200,6710,4400,740500,50340,6.2
Camden_West_Hampstead,00AGGX,E05000145,12550,7259,4500,622500,46290,6
Croydon_Addiscombe,00AHGE,E05000146,17750,8956,4000,250000,38070,4.6
Croydon_Ashburton,00AHGF,E05000147,15150,6863,1800,347000,38600,2.9
Croydon_Bensham_Manor,00AHGG,E05000148,16600,7344,1800,246250,33530,3.3
Croydon_Broad_Green,00AHGH,E05000149,20050,8096,11300,231000,31000,4.7
Croydon_Coulsdon_East,00AHGJ,E05000150,12700,5534,2700,375000,42660,1.9
Croydon_Coulsdon_West,00AHGK,E05000151,14150,6565,3700,361000,46610,2.5
Croydon_Croham,00AHGL,E05000152,16200,8417,5100,250000,42260,3.3
Croydon_Fairfield,00AHGM,E05000153,21750,8567,31500,236000,39130,5.7
Croydon_Fieldway,00AHGN,E05000154,11850,3947,500,220000,26720,2.9
Croydon_Heathfield,00AHGP,E05000155,13600,6385,2300,260000,39770,2.3
Croydon_Kenley,00AHGQ,E05000156,15650,7217,2400,340000,44160,1.9
Croydon_New_Addington,00AHGR,E05000157,11250,4273,2200,245000,28770,2.7
Croydon_Norbury,00AHGS,E05000158,17100,7506,2400,350000,36810,3.1
Croydon_Purley,00AHGT,E05000159,15550,7086,4700,320000,44600,2.9
Croydon_Sanderstead,00AHGU,E05000160,13200,5928,2100,392500,47030,1.7
Croydon_Selhurst,00AHGW,E05000161,18550,7821,6700,212998,31220,4.2
Croydon_Selsdon_and_Ballards,00AHGX,E05000162,12200,5821,2300,344000,45320,2
Croydon_Shirley,00AHGY,E05000163,14700,6476,1800,320000,39500,2
Croydon_South_Norwood,00AHGZ,E05000164,16900,7805,2600,240000,34430,3.9
Croydon_Thornton_Heath,00AHHA,E05000165,16900,7275,2100,250000,33720,3.3
Croydon_Upper_Norwood,00AHHB,E05000166,16600,7616,2900,289750,37430,3
Croydon_Waddon,00AHHC,E05000167,17650,7964,7700,243250,34630,3.6
Croydon_West_Thornton,00AHHD,E05000168,18000,7397,7100,235000,32400,3.1
Croydon_Woodside,00AHHE,E05000169,17100,7821,1600,250000,33890,3.7
Ealing_Acton_Central,00AJGC,E05000170,15850,7576,3000,570000,36500,3.1
Ealing_Cleveland,00AJGD,E05000171,14850,6625,2600,500000,41730,3
Ealing_Dormers_Wells,00AJGE,E05000172,14150,5600,1600,265000,29350,3.3
Ealing_Ealing_Broadway,00AJGF,E05000173,15550,7745,11900,459970,45540,5
Ealing_Ealing_Common,00AJGG,E05000174,14200,7687,3100,536000,43600,3.6
Ealing_East_Acton,00AJGH,E05000175,19800,9269,18900,390500,32930,4
Ealing_Elthorne,00AJGJ,E05000176,15100,7500,3900,408750,38970,3.8
Ealing_Greenford_Broadway,00AJGK,E05000177,17750,7668,4800,249000,30500,3.4
Ealing_Greenford_Green,00AJGL,E05000178,14500,7003,8800,307000,35420,2.6
Ealing_Hanger_Hill,00AJGM,E05000179,15750,7640,9400,519000,44760,3.7
Ealing_Hobbayne,00AJGN,E05000180,14300,6644,1500,386250,36220,3.1
Ealing_Lady_Margaret,00AJGP,E05000181,14100,6368,1100,285000,32520,3
Ealing_Northfield,00AJGQ,E05000182,13700,7455,2200,615000,48480,3.4
Ealing_North_Greenford,00AJGR,E05000183,14900,7263,2100,345000,36480,2.6
Ealing_Northolt_Mandeville,00AJGS,E05000184,15350,6724,4100,300000,31950,3.2
Ealing_Northolt_West_End,00AJGT,E05000185,15200,6057,1600,226111,28550,2.5
Ealing_Norwood_Green,00AJGU,E05000186,14200,5521,10200,257500,29020,2.3
Ealing_Perivale,00AJGW,E05000187,15450,7544,6300,367500,36040,2.3
Ealing_South_Acton,00AJGX,E05000188,16200,6938,7100,440000,34300,4.6
Ealing_Southall_Broadway,00AJGY,E05000189,16200,5425,4300,250000,27930,3.2
Ealing_Southall_Green,00AJGZ,E05000190,15200,6042,3300,243000,27150,3
Ealing_Southfield,00AJHA,E05000191,13600,7601,4800,780000,50170,3.1
Ealing_Walpole,00AJHB,E05000192,13500,7364,7800,612500,46240,3.8
Enfield_Bowes,00AKGL,E05000193,14550,7292,1400,319995,36300,3.9
Enfield_Bush_Hill_Park,00AKGM,E05000194,14150,6585,2200,360200,41800,2.7
Enfield_Chase,00AKGN,E05000195,14000,6180,4200,324000,36350,2
Enfield_Cockfosters,00AKGP,E05000196,14100,5885,3600,472000,43570,2.6
Enfield_Edmonton_Green,00AKGQ,E05000197,18350,6144,7500,210000,26010,3.9
Enfield_Enfield_Highway,00AKGR,E05000198,16350,6112,8600,250000,29450,2.5
Enfield_Enfield_Lock,00AKGS,E05000199,17000,6586,4100,217250,30240,2.6
Enfield_Grange,00AKGT,E05000200,13300,6045,5800,360000,45960,3.1
Enfield_Haselbury,00AKGU,E05000201,16500,6292,1900,260000,29600,3
Enfield_Highlands,00AKGW,E05000202,13550,6120,5300,375000,43540,2.7
Enfield_Jubilee,00AKGX,E05000203,14600,5744,2300,250000,30800,2.5
Enfield_Lower_Edmonton,00AKGY,E05000204,16700,6057,3000,248000,28110,3.2
Enfield_Palmers_Green,00AKGZ,E05000205,15650,7225,3800,353500,37970,2.5
Enfield_Ponders_End,00AKHA,E05000206,17050,5902,6500,248000,28560,3.3
Enfield_Southbury,00AKHB,E05000207,14950,6183,11000,265000,33260,3.1
Enfield_Southgate,00AKHC,E05000208,14800,6886,6100,347500,41520,3.1
Enfield_Southgate_Green,00AKHD,E05000209,14400,6464,2500,500000,42750,3.9
Enfield_Town,00AKHE,E05000210,15150,7349,4200,350000,42300,2.6
Enfield_Turkey_Street,00AKHF,E05000211,14700,5507,2400,250000,28960,2.5
Enfield_Upper_Edmonton,00AKHG,E05000212,18600,6599,8500,250000,28480,3.4
Enfield_Winchmore_Hill,00AKHH,E05000213,13700,6715,3700,435000,45880,2.9
Greenwich_Abbey_Wood,00ALGP,E05000214,16200,6347,1800,250000,31540,3.1
Greenwich_Blackheath_Westcombe,00ALGQ,E05000215,13300,6675,2800,427500,49160,3.4
Greenwich_Charlton,00ALGR,E05000216,14650,6572,2400,363000,37940,4
Greenwich_Coldharbour_and_New_Eltham,00ALGS,E05000217,13450,5957,1500,325000,38390,2.9
Greenwich_Eltham_North,00ALGT,E05000218,12900,6087,3400,345000,43120,2.9
Greenwich_Eltham_South,00ALGU,E05000219,13100,5537,5500,288750,37120,3.3
Greenwich_Eltham_West,00ALGW,E05000220,12500,4374,1600,315500,34250,3.1
Greenwich_Glyndon,00ALGX,E05000221,18500,7961,3500,224995,31690,4
Greenwich_Greenwich_West,00ALGY,E05000222,18450,8485,8000,450000,42270,4.6
Greenwich_Kidbrooke_with_Hornfair,00ALGZ,E05000223,14650,6525,1600,260050,35740,2.6
Greenwich_Middle_Park_and_Sutcliffe,00ALHA,E05000224,13900,5652,2100,292755,35340,2.3
Greenwich_Peninsula,00ALHB,E05000225,24500,7798,11400,379000,41840,4.5
Greenwich_Plumstead,00ALHC,E05000226,17050,7282,1900,249000,32390,3.6
Greenwich_Shooters_Hill,00ALHD,E05000227,13750,6242,2000,270000,39030,2.4
Greenwich_Thamesmead_Moorings,00ALHE,E05000228,22200,8273,5800,190000,34450,2.6
Greenwich_Woolwich_Common,00ALHF,E05000229,19550,7113,7900,267500,30260,4
Greenwich_Woolwich_Riverside,00ALHG,E05000230,23050,8681,11500,266250,33540,4.5
Hackney_Brownswood,00AMGA,E05000231,13300,6334,1200,440000,40070,6.1
Hackney_Cazenove,00AMGB,E05000232,13800,5744,1800,375000,38130,4.7
Hackney_Chatham,00AMGC,E05000233,13950,5930,6600,415000,32510,5.8
Hackney_Clissold,00AMGD,E05000234,12650,6683,1600,499950,45450,3.6
Hackney_Dalston,00AMGE,E05000235,15950,8021,5100,485000,38230,6
Hackney_De_Beauvoir,00AMGF,E05000236,15200,7456,4200,480000,39060,4.9
Hackney_Hackney_Central,00AMGG,E05000237,13200,6240,6900,450000,35260,6.7
Hackney_Hackney_Downs,00AMGH,E05000238,13400,6214,1400,433000,35700,5.5
Hackney_Haggerston,00AMGJ,E05000239,15250,7346,34000,452500,36080,5.7
Hackney_Hoxton,00AMGK,E05000240,16300,7412,10100,475000,34970,5.8
Hackney_Kings_Park,00AMGL,E05000241,11650,4166,n/a,383000,31970,2.9
Hackney_Leabridge,00AMGM,E05000242,14600,6620,1600,375000,35110,4.3
Hackney_Lordship,00AMGN,E05000243,12700,5089,2400,420000,39940,3.7
Hackney_New_River,00AMGP,E05000244,14500,4631,3500,340000,35590,5
Hackney_Queensbridge,00AMGQ,E05000245,14450,6868,4100,465000,36720,4.8
Hackney_Springfield,00AMGR,E05000246,12800,3994,1900,285000,33570,3.2
Hackney_Stoke_Newington_Central,00AMGS,E05000247,13050,7032,3200,483125,42400,5.3
Hackney_Victoria,00AMGT,E05000248,13750,6251,2400,471250,37350,4.7
Hackney_Wick,00AMGU,E05000249,12350,4949,n/a,340000,32890,3.9
Hammersmith_and_Fulham_Addison,00ANGA,E05000250,11650,6873,5200,572500,43970,6.5
Hammersmith_and_Fulham_Askew,00ANGB,E05000251,14300,7621,2000,500000,38450,3.6
Hammersmith_and_Fulham_Avonmore_and_Brook_Green,00ANGC,E05000252,12700,6573,11300,618250,43350,6
Hammersmith_and_Fulham_College_Park_and_Old_Oak,00ANGD,E05000253,10700,4075,15400,458000,30890,4.9
Hammersmith_and_Fulham_Fulham_Broadway,00ANGE,E05000254,11550,6064,4300,805000,42130,5.4
Hammersmith_and_Fulham_Fulham_Reach,00ANGF,E05000255,11800,6331,7200,786250,42010,4.2
Hammersmith_and_Fulham_Hammersmith_Broadway,00ANGG,E05000256,12250,6161,31300,741250,39500,6
Hammersmith_and_Fulham_Munster,00ANGH,E05000257,11150,6462,2200,745000,50240,3.7
Hammersmith_and_Fulham_North_End,00ANGJ,E05000258,12650,6805,4900,558000,39510,5.2
Hammersmith_and_Fulham_Palace_Riverside,00ANGK,E05000259,7600,3720,3500,950000,53330,3.7
Hammersmith_and_Fulham_Parsons_Green_and_Walham,00ANGL,E05000260,10850,5716,7400,1330000,55720,4.7
Hammersmith_and_Fulham_Ravenscourt_Park,00ANGM,E05000261,11000,5531,4800,704000,45510,4
Hammersmith_and_Fulham_Sands_End,00ANGN,E05000262,13550,6518,7000,827750,44170,3.4
Hammersmith_and_Fulham_Shepherds_Bush_Green,00ANGP,E05000263,12950,6797,16100,440000,36430,5.6
Hammersmith_and_Fulham_Town,00ANGQ,E05000264,11350,6512,7000,690000,47940,4.6
Hammersmith_and_Fulham_Wormholt_and_White_City,00ANGR,E05000265,13750,5694,1000,427500,31860,3.2
Haringey_Alexandra,00APGA,E05000266,12050,6189,1800,625000,51450,3.3
Haringey_Bounds_Green,00APGB,E05000267,14400,6822,2300,332350,34550,4.9
Haringey_Bruce_Grove,00APGC,E05000268,15050,6192,2000,325000,30340,4.5
Haringey_Crouch_End,00APGD,E05000269,12800,7537,3700,563750,52070,3.4
Haringey_Fortis_Green,00APGE,E05000270,13000,6423,2700,465000,49950,3.1
Haringey_Harringay,00APGF,E05000271,14100,7404,2600,430000,37150,5.3
Haringey_Highgate,00APGG,E05000272,12100,6704,3300,732500,53710,4
Haringey_Hornsey,00APGH,E05000273,13100,6753,3300,419000,40260,3.4
Haringey_Muswell_Hill,00APGJ,E05000274,11050,5922,3100,820000,53910,3.2
Haringey_Noel_Park,00APGK,E05000275,14700,6382,6300,350000,30620,6.1
Haringey_Northumberland_Park,00APGL,E05000276,15150,4914,8200,252500,25090,4.1
Haringey_St._Anns,00APGM,E05000277,16100,7038,2300,370000,32460,3.9
Haringey_Seven_Sisters,00APGN,E05000278,16650,6671,3400,372500,33500,4.7
Haringey_Stroud_Green,00APGP,E05000279,12250,6982,1400,477500,44780,4.6
Haringey_Tottenham_Green,00APGQ,E05000280,15900,6379,4600,326500,28920,5.8
Haringey_Tottenham_Hale,00APGR,E05000281,17300,5816,6000,251500,27340,4.7
Haringey_West_Green,00APGS,E05000282,14050,5989,2100,350000,31110,4.1
Haringey_White_Hart_Lane,00APGT,E05000283,13950,4726,1200,267000,27010,3.3
Haringey_Woodside,00APGU,E05000284,15400,6992,4800,345000,32010,4.7
Harrow_Belmont,00AQFY,E05000285,11650,5355,1500,435000,42380,2
Harrow_Canons,00AQFZ,E05000286,13500,5566,5200,402500,39890,2.7
Harrow_Edgware,00AQGA,E05000287,12050,5458,2800,357500,33600,2.9
Harrow_Greenhill,00AQGB,E05000288,13100,6427,18800,272000,37550,4.6
Harrow_Harrow_on_the_Hill,00AQGC,E05000289,12850,5651,4900,343000,39630,3.1
Harrow_Harrow_Weald,00AQGD,E05000290,11650,4964,2200,384000,36940,2.8
Harrow_Hatch_End,00AQGE,E05000291,10950,4812,2800,500000,42350,2.3
Harrow_Headstone_North,00AQGF,E05000292,10400,4873,2000,427500,44470,2.7
Harrow_Headstone_South,00AQGG,E05000293,11600,5406,2200,322500,39090,3.1
Harrow_Kenton_East,00AQGH,E05000294,11500,5251,1300,380000,32880,2.5
Harrow_Kenton_West,00AQGJ,E05000295,11550,5430,3300,434475,38400,2.9
Harrow_Marlborough,00AQGK,E05000296,13000,5758,2900,268950,34450,3.8
Harrow_Pinner,00AQGL,E05000297,10300,4466,3100,400000,43950,1.8
Harrow_Pinner_South,00AQGM,E05000298,10650,4833,1900,520000,49420,2.2
Harrow_Queensbury,00AQGN,E05000299,12350,5490,1600,390000,35030,2.6
Harrow_Rayners_Lane,00AQGP,E05000300,11450,5206,2200,380000,40310,3.2
Harrow_Roxbourne,00AQGQ,E05000301,13150,5469,1900,290000,32130,3
Harrow_Roxeth,00AQGR,E05000302,12000,5288,1600,355000,35110,3
Harrow_Stanmore_Park,00AQGS,E05000303,11450,4637,3700,555000,39210,2.1
Harrow_Wealdstone,00AQGT,E05000304,11700,4869,2200,310000,32080,3.3
Harrow_West_Harrow,00AQGU,E05000305,10700,4949,3700,363500,40210,3.2
Havering_Brooklands,00ARGC,E05000306,17100,7118,10000,207500,35250,2.9
Havering_Cranham,00ARGD,E05000307,12650,5608,1900,320000,42250,2.3
Havering_Elm_Park,00ARGE,E05000308,12700,5738,1200,250000,34730,2.6
Havering_Emerson_Park,00ARGF,E05000309,12100,5549,2200,365000,43790,2
Havering_Gooshays,00ARGG,E05000310,15400,5909,2200,229000,29400,2.6
Havering_Hacton,00ARGH,E05000311,12600,5919,2100,296500,39740,2.4
Havering_Harold_Wood,00ARGJ,E05000312,13750,5946,5900,250000,37010,2.4
Havering_Havering_Park,00ARGK,E05000313,13200,5645,1700,250000,33590,2.1
Havering_Heaton,00ARGL,E05000314,13200,4946,2400,217000,29560,2.1
Havering_Hylands,00ARGM,E05000315,13150,6483,3500,275000,39890,2.1
Havering_Mawneys,00ARGN,E05000316,13100,5907,2100,250000,35820,2.5
Havering_Pettits,00ARGP,E05000317,13050,6030,2200,295000,40010,2.2
Havering_Rainham_and_Wennington,00ARGQ,E05000318,13150,5738,4800,240000,34470,2
Havering_Romford_Town,00ARGR,E05000319,18700,8096,16500,225000,37160,4.2
Havering_St._Andrews,00ARGS,E05000320,13650,6366,5600,272500,38130,3.2
Havering_South_Hornchurch,00ARGT,E05000321,16550,5953,4800,242000,33160,2.5
Havering_Squirrels_Heath,00ARGU,E05000322,13400,6722,2600,280250,41740,2.6
Havering_Upminster,00ARGW,E05000323,12950,5951,5400,420000,47580,1.9
Hillingdon_Barnhill,00ASGG,E05000324,14050,5775,1500,250000,31800,2.4
Hillingdon_Botwell,00ASGH,E05000325,15950,6346,11800,250000,30700,3.1
Hillingdon_Brunel,00ASGJ,E05000326,14750,5848,8900,273750,34630,2.4
Hillingdon_Cavendish,00ASGK,E05000327,12100,5755,2500,400000,43970,2.1
Hillingdon_Charville,00ASGL,E05000328,13200,5794,4100,275000,35410,2.4
Hillingdon_Eastcote_and_East_Ruislip,00ASGM,E05000329,12600,5804,2500,500000,47380,1.7
Hillingdon_Harefield,00ASGN,E05000330,7750,3571,4400,310000,37990,1.4
Hillingdon_Heathrow_Villages,00ASGP,E05000331,13250,6107,57300,209000,33170,2.6
Hillingdon_Hillingdon_East,00ASGQ,E05000332,13700,6074,5400,311000,37250,1.7
Hillingdon_Ickenham,00ASGR,E05000333,10750,4884,2800,521000,48770,2.1
Hillingdon_Manor,00ASGS,E05000334,11900,5903,1900,372500,43460,2.9
Hillingdon_Northwood,00ASGT,E05000335,10850,4860,5100,470000,46550,2.2
Hillingdon_Northwood_Hills,00ASGU,E05000336,12050,5475,2600,413500,43320,2
Hillingdon_Pinkwell,00ASGW,E05000337,15750,6417,3200,280000,31830,2.7
Hillingdon_South_Ruislip,00ASGX,E05000338,12950,6448,6000,305000,40060,2.5
Hillingdon_Townfield,00ASGY,E05000339,14900,5977,7400,280000,30430,3.1
Hillingdon_Uxbridge_North,00ASGZ,E05000340,13100,5903,9200,349950,41470,2.4
Hillingdon_Uxbridge_South,00ASHA,E05000341,15000,6133,46500,259000,34270,2.5
Hillingdon_West_Drayton,00ASHB,E05000342,15250,6519,2400,249997,32680,2.4
Hillingdon_West_Ruislip,00ASHC,E05000343,11600,5421,5100,335000,43470,2.2
Hillingdon_Yeading,00ASHD,E05000344,14250,5981,1600,250000,33240,1.9
Hillingdon_Yiewsley,00ASHE,E05000345,13750,6051,7600,225000,32340,2.5
Hounslow_Bedfont,00ATFY,E05000346,12950,6105,9400,229000,31870,2.1
Hounslow_Brentford,00ATFZ,E05000347,15800,7043,11500,370000,35040,3.2
Hounslow_Chiswick_Homefields,00ATGA,E05000348,11650,6077,6800,772500,51830,3.6
Hounslow_Chiswick_Riverside,00ATGB,E05000349,11700,6201,2200,650000,49680,2.8
Hounslow_Cranford,00ATGC,E05000350,12750,5548,5600,226500,30860,2.4
Hounslow_Feltham_North,00ATGD,E05000351,11850,5500,8200,270000,32850,2.9
Hounslow_Feltham_West,00ATGE,E05000352,15800,7666,4900,225000,34010,2.4
Hounslow_Hanworth,00ATGF,E05000353,12400,5265,3500,250000,31150,2.6
Hounslow_Hanworth_Park,00ATGG,E05000354,12250,5614,8900,250000,34340,2.6
Hounslow_Heston_Central,00ATGH,E05000355,12600,5584,1400,348000,33580,2.9
Hounslow_Heston_East,00ATGJ,E05000356,12700,5745,3200,248000,34030,2.3
Hounslow_Heston_West,00ATGK,E05000357,12750,5161,5200,280000,29490,2.3
Hounslow_Hounslow_Central,00ATGL,E05000358,16200,7795,12000,249950,35830,5.1
Hounslow_Hounslow_Heath,00ATGM,E05000359,15250,6878,3200,249950,32530,3.2
Hounslow_Hounslow_South,00ATGN,E05000360,11700,5767,1100,375000,39920,2.5
Hounslow_Hounslow_West,00ATGP,E05000361,13750,6288,3500,270000,31890,3.9
Hounslow_Isleworth,00ATGQ,E05000362,12150,5827,4500,301000,34790,2.4
Hounslow_Osterley_and_Spring_Grove,00ATGR,E05000363,13350,6844,19500,345500,42140,2.8
Hounslow_Syon,00ATGS,E05000364,14200,7063,8300,365000,37040,3.6
Hounslow_Turnham_Green,00ATGT,E05000365,11800,6354,20500,634000,47080,4.4
Islington_Barnsbury,00AUFX,E05000366,12950,6292,6600,715000,44970,5.7
Islington_Bunhill,00AUFY,E05000367,16700,6889,68100,640000,39200,7.1
Islington_Caledonian,00AUFZ,E05000368,14950,6494,17000,447500,35840,5.3
Islington_Canonbury,00AUGA,E05000369,12500,6103,1600,550000,40590,6.5
Islington_Clerkenwell,00AUGB,E05000370,12350,5721,58100,732500,43350,6.9
Islington_Finsbury_Park,00AUGC,E05000371,15300,6862,7100,410000,33620,6.6
Islington_Highbury_East,00AUGD,E05000372,12150,6350,3300,667500,47810,4.7
Islington_Highbury_West,00AUGE,E05000373,16400,8745,5000,500000,43800,5.7
Islington_Hillrise,00AUGF,E05000374,12350,5560,1100,447500,39090,4.2
Islington_Holloway,00AUGG,E05000375,16050,7305,4500,405000,35430,5.9
Islington_Junction,00AUGH,E05000376,12950,6085,9600,452000,39470,6
Islington_Mildmay,00AUGJ,E05000377,13500,6556,1700,525000,39300,6.1
Islington_St._Georges,00AUGK,E05000378,13100,6282,2300,495645,40860,4.5
Islington_St._Marys,00AUGL,E05000379,12500,6476,12700,650000,46190,6.7
Islington_St._Peters,00AUGM,E05000380,13200,6277,7300,667500,43870,5.3
Islington_Tollington,00AUGN,E05000381,13900,6770,2500,465000,38090,4.5
Kensington_and_Chelsea_Abingdon,00AWFY,E05000382,10700,4823,6900,1295000,54690,6.5
Kensington_and_Chelsea_Brompton,00AWFZ,E05000383,8900,4465,24800,1950000,64320,6.8
Kensington_and_Chelsea_Campden,00AWGA,E05000384,8250,4206,7700,1400000,65500,6.8
Kensington_and_Chelsea_Colville,00AWGB,E05000385,8400,4457,4200,935000,43560,5.4
Kensington_and_Chelsea_Courtfield,00AWGC,E05000386,9100,4535,4800,1325000,61810,6.9
Kensington_and_Chelsea_Cremorne,00AWGD,E05000387,8250,3470,3600,1050000,43920,4.7
Kensington_and_Chelsea_Earls_Court,00AWGE,E05000388,9300,4973,5300,783250,44100,7
Kensington_and_Chelsea_Golborne,00AWGF,E05000389,9600,3768,5300,533800,30100,4.5
Kensington_and_Chelsea_Hans_Town,00AWGG,E05000390,8850,4424,8100,1587500,58100,6.6
Kensington_and_Chelsea_Holland,00AWGH,E05000391,9850,4586,3100,1375000,54770,6
Kensington_and_Chelsea_Norland,00AWGJ,E05000392,8750,3961,4600,1343000,53430,5.4
Kensington_and_Chelsea_Notting_Barns,00AWGK,E05000393,9750,4036,5300,776000,36690,4.2
Kensington_and_Chelsea_Pembridge,00AWGL,E05000394,7700,4288,3900,1127500,55710,7
Kensington_and_Chelsea_Queens_Gate,00AWGM,E05000395,9950,4971,13300,1745000,63630,6
Kensington_and_Chelsea_Redcliffe,00AWGN,E05000396,9300,5131,2800,995000,54550,6.2
Kensington_and_Chelsea_Royal_Hospital,00AWGP,E05000397,7350,3539,5300,1995000,60600,5
Kensington_and_Chelsea_St._Charles,00AWGQ,E05000398,9600,4126,3000,642500,36100,3.8
Kensington_and_Chelsea_Stanley,00AWGR,E05000399,8250,4239,13500,1100000,54990,5.6
Kingston_upon_Thames_Alexandra,00AXFX,E05000400,9700,4464,2500,404975,41390,2.2
Kingston_upon_Thames_Berrylands,00AXFY,E05000401,9800,4813,2000,361125,42330,2.8
Kingston_upon_Thames_Beverley,00AXFZ,E05000402,10450,4807,4500,435000,40700,2.8
Kingston_upon_Thames_Canbury,00AXGA,E05000403,13300,6529,5200,449500,45600,4.1
Kingston_upon_Thames_Chessington_North_and_Hook,00AXGB,E05000404,9000,4334,2000,310000,37230,2.4
Kingston_upon_Thames_Chessington_South,00AXGC,E05000405,10550,5291,5300,315000,38310,2.4
Kingston_upon_Thames_Coombe_Hill,00AXGD,E05000406,10750,4458,7200,480000,45650,2.5
Kingston_upon_Thames_Coombe_Vale,00AXGE,E05000407,10050,4619,1900,480000,44320,2.3
Kingston_upon_Thames_Grove,00AXGF,E05000408,11800,5683,23000,400000,41410,4.2
Kingston_upon_Thames_Norbiton,00AXGG,E05000409,10600,4973,4000,341750,34650,3.6
Kingston_upon_Thames_Old_Malden,00AXGH,E05000410,9700,4501,1100,395725,41760,2.7
Kingston_upon_Thames_St._James,00AXGJ,E05000411,9250,4061,2000,443568,41850,2.6
Kingston_upon_Thames_St._Marks,00AXGK,E05000412,10900,5872,4300,395350,44930,3.7
Kingston_upon_Thames_Surbiton_Hill,00AXGL,E05000413,10950,5705,2100,396770,43160,3.3
Kingston_upon_Thames_Tolworth_and_Hook_Rise,00AXGM,E05000414,10650,4993,5200,337195,37840,2.3
Kingston_upon_Thames_Tudor,00AXGN,E05000415,9850,4674,1900,550000,48530,2.3
Lambeth_Bishops,00AYFZ,E05000416,11400,5119,43400,590000,40360,7.6
Lambeth_Brixton_Hill,00AYGA,E05000417,16650,9214,3900,420000,39050,4.9
Lambeth_Clapham_Common,00AYGB,E05000418,13600,8007,8200,620000,49520,4.1
Lambeth_Clapham_Town,00AYGC,E05000419,14850,8628,6200,610000,44960,5.1
Lambeth_Coldharbour,00AYGD,E05000420,17500,7874,5500,435000,32220,5.4
Lambeth_Ferndale,00AYGE,E05000421,16400,9406,4600,497475,39480,6.3
Lambeth_Gipsy_Hill,00AYGF,E05000422,13900,6633,2000,350000,36650,3.7
Lambeth_Herne_Hill,00AYGG,E05000423,15600,8459,12000,432500,41700,4.5
Lambeth_Knights_Hill,00AYGH,E05000424,15200,6876,2700,355000,36950,4.1
Lambeth_Larkhall,00AYGJ,E05000425,18000,9777,4700,430000,37260,5.2
Lambeth_Oval,00AYGK,E05000426,16600,8847,12700,699995,39200,6.9
Lambeth_Princes,00AYGL,E05000427,15400,7480,15600,495000,37600,6.3
Lambeth_St._Leonards,00AYGM,E05000428,15200,8292,3700,340000,39880,5.9
Lambeth_Stockwell,00AYGN,E05000429,15250,7863,2800,391375,35050,5.4
Lambeth_Streatham_Hill,00AYGP,E05000430,15150,7798,1800,359000,39250,5.3
Lambeth_Streatham_South,00AYGQ,E05000431,14750,6900,1500,375000,36710,4.1
Lambeth_Streatham_Wells,00AYGR,E05000432,15250,8008,2700,345875,38270,4.4
Lambeth_Thornton,00AYGS,E05000433,14000,6647,1600,511250,41880,3.5
Lambeth_Thurlow_Park,00AYGT,E05000434,13800,7074,2300,412748,41600,5
Lambeth_Tulse_Hill,00AYGU,E05000435,16250,8054,1800,417000,35610,4.4
Lambeth_Vassall,00AYGW,E05000436,15600,7157,3400,395000,34830,4.4
Lewisham_Bellingham,00AZGD,E05000437,15300,6198,4700,265000,31340,3
Lewisham_Blackheath,00AZGE,E05000438,15000,7360,5600,385000,44870,4.9
Lewisham_Brockley,00AZGF,E05000439,18550,9571,5200,330000,38100,5.8
Lewisham_Catford_South,00AZGG,E05000440,15650,7172,3100,332500,39070,3.3
Lewisham_Crofton_Park,00AZGH,E05000441,15350,7876,2300,455000,42560,4.1
Lewisham_Downham,00AZGJ,E05000442,15000,5793,2200,242500,30880,3.3
Lewisham_Evelyn,00AZGK,E05000443,18550,7482,3200,315000,30560,3.1
Lewisham_Forest_Hill,00AZGL,E05000444,15300,7528,2700,340000,40960,4
Lewisham_Grove_Park,00AZGM,E05000445,15100,6764,1600,250000,36150,3.2
Lewisham_Ladywell,00AZGN,E05000446,15200,7447,1600,370000,40290,4.5
Lewisham_Lee_Green,00AZGP,E05000447,15050,7639,2600,402500,42760,3.6
Lewisham_Lewisham_Central,00AZGQ,E05000448,20250,8895,10900,290000,35760,5.2
Lewisham_New_Cross,00AZGR,E05000449,17650,7520,5500,242000,31520,4.4
Lewisham_Perry_Vale,00AZGS,E05000450,16050,7946,1400,355000,39130,3.4
Lewisham_Rushey_Green,00AZGT,E05000451,16650,6818,6400,270000,34670,5.2
Lewisham_Sydenham,00AZGU,E05000452,16150,7327,2700,350000,37060,4.1
Lewisham_Telegraph_Hill,00AZGW,E05000453,17250,8512,2300,360000,37230,5.2
Lewisham_Whitefoot,00AZGX,E05000454,15050,5802,1200,248000,32840,2.8
Merton_Abbey,00BAFX,E05000455,10600,6284,10800,482500,45370,5.1
Merton_Cannon_Hill,00BAFY,E05000456,9500,4665,1300,455000,42320,2.6
Merton_Colliers_Wood,00BAFZ,E05000457,11250,6385,3400,350000,38780,3.9
Merton_Cricket_Green,00BAGA,E05000458,11800,4967,5400,245000,29930,2.9
Merton_Dundonald,00BAGB,E05000459,9650,5683,5300,565000,49910,4.9
Merton_Figges_Marsh,00BAGC,E05000460,11700,5036,1800,250000,30860,3.6
Merton_Graveney,00BAGD,E05000461,10100,4981,1600,388000,35580,3.4
Merton_Hillside,00BAGE,E05000462,9250,5194,8600,563750,51480,5.4
Merton_Lavender_Fields,00BAGF,E05000463,10650,5393,1600,280000,33360,2.7
Merton_Longthornton,00BAGG,E05000464,10500,4737,900,295000,34350,2.8
Merton_Lower_Morden,00BAGH,E05000465,9350,4660,2100,320000,38730,2.2
Merton_Merton_Park,00BAGJ,E05000466,9750,4702,4100,522500,46300,3.8
Merton_Pollards_Hill,00BAGK,E05000467,10800,4560,800,288000,31940,2.6
Merton_Ravensbury,00BAGL,E05000468,10250,4489,1800,285000,32330,2.9
Merton_Raynes_Park,00BAGM,E05000469,10000,5072,8300,499500,49340,3.8
Merton_St._Helier,00BAGN,E05000470,10650,4703,2000,280000,32530,3.1
Merton_Trinity,00BAGP,E05000471,10000,5925,6900,497000,47380,3.9
Merton_Village,00BAGQ,E05000472,8750,3730,5200,1530000,62200,2.4
Merton_West_Barnes,00BAGR,E05000473,10200,4990,4100,475000,44170,2.9
Merton_Wimbledon_Park,00BAGS,E05000474,11500,6198,5200,732500,50730,3.1
Newham_Beckton,00BBGB,E05000475,16700,6682,10700,233500,34100,2.8
Newham_Boleyn,00BBGC,E05000476,16350,6291,2900,250000,31630,4
Newham_Canning_Town_North,00BBGD,E05000477,16650,6103,7100,249000,28910,4.7
Newham_Canning_Town_South,00BBGE,E05000478,20350,7403,2700,280000,32870,3.6
Newham_Custom_House,00BBGF,E05000479,14850,5839,3300,250000,31840,3.2
Newham_East_Ham_Central,00BBGG,E05000480,16200,6503,3900,250000,32380,4.7
Newham_East_Ham_North,00BBGH,E05000481,14250,5482,2000,249995,32340,4.4
Newham_East_Ham_South,00BBGJ,E05000482,16250,5952,2600,240000,31430,2.6
Newham_Forest_Gate_North,00BBGK,E05000483,16550,7545,1600,313000,34270,3.2
Newham_Forest_Gate_South,00BBGL,E05000484,18150,7985,3400,263900,34550,3.9
Newham_Green_Street_East,00BBGM,E05000485,16250,6341,1800,260000,31570,3.7
Newham_Green_Street_West,00BBGN,E05000486,15500,5873,4100,250000,31080,4
Newham_Little_Ilford,00BBGP,E05000487,17100,5774,1600,230000,29730,2.7
Newham_Manor_Park,00BBGQ,E05000488,15600,5936,1900,249975,31580,4
Newham_Plaistow_North,00BBGR,E05000489,15800,6260,1700,250000,30740,4.4
Newham_Plaistow_South,00BBGS,E05000490,16800,6921,4900,250000,31750,4.4
Newham_Royal_Docks,00BBGT,E05000491,16550,5750,6100,303500,38580,2.8
Newham_Stratford_and_New_Town,00BBGU,E05000492,26700,9665,24800,280000,35840,5.8
Newham_Wall_End,00BBGW,E05000493,15150,5786,1300,250000,32330,3.7
Newham_West_Ham,00BBGX,E05000494,16150,7002,1800,273500,32310,4.7
Redbridge_Aldborough,00BCFY,E05000495,15800,6327,4300,315000,37310,2.7
Redbridge_Barkingside,00BCFZ,E05000496,13150,5513,2400,368750,39620,3.2
Redbridge_Bridge,00BCGA,E05000497,11850,5683,2100,340000,39320,2.5
Redbridge_Chadwell,00BCGB,E05000498,14850,6343,2500,250000,36700,2.4
Redbridge_Church_End,00BCGC,E05000499,11900,6381,4500,340000,45410,2.7
Redbridge_Clayhall,00BCGD,E05000500,13600,5723,3700,390000,41450,2.3
Redbridge_Clementswood,00BCGE,E05000501,16950,5459,8500,235000,30230,3.4
Redbridge_Cranbrook,00BCGF,E05000502,13300,5349,3200,367500,38290,3.8
Redbridge_Fairlop,00BCGG,E05000503,12900,5906,3000,310000,37560,2.8
Redbridge_Fullwell,00BCGH,E05000504,13150,5407,2000,339498,35690,2.4
Redbridge_Goodmayes,00BCGJ,E05000505,13400,5407,2300,307000,33820,3.7
Redbridge_Hainault,00BCGK,E05000506,13550,5304,3500,249999,31520,2.4
Redbridge_Loxford,00BCGL,E05000507,17700,5618,3200,193000,28500,3.4
Redbridge_Mayfield,00BCGM,E05000508,13950,5561,2100,305000,35630,2.7
Redbridge_Monkhams,00BCGN,E05000509,10650,4950,3100,499748,48780,2.6
Redbridge_Newbury,00BCGP,E05000510,17450,6931,3600,315000,35550,3.1
Redbridge_Roding,00BCGQ,E05000511,12550,5951,2100,302500,41040,2.5
Redbridge_Seven_Kings,00BCGR,E05000512,16950,6066,6800,294000,34480,3.1
Redbridge_Snaresbrook,00BCGS,E05000513,12100,6214,3300,361393,45160,3.6
Redbridge_Valentines,00BCGT,E05000514,15050,5758,4800,225000,34900,4.5
Redbridge_Wanstead,00BCGU,E05000515,11700,5688,1100,460000,46370,2.5
Richmond_upon_Thames_Barnes,00BDFW,E05000516,10500,4839,2700,1362500,55450,3.4
Richmond_upon_Thames_East_Sheen,00BDFX,E05000517,10500,5108,3500,985000,56090,2.6
Richmond_upon_Thames_Fulwell_and_Hampton_Hill,00BDFY,E05000518,10300,5350,4900,480000,48810,3.2
"Richmond_upon_Thames_Ham,_Petersham_&_Richmond_Riverside",00BDFZ,E05000519,10550,4857,2700,500000,44870,2.1
Richmond_upon_Thames_Hampton,00BDGA,E05000520,10250,4999,4100,599950,46750,2.7
Richmond_upon_Thames_Hampton_North,00BDGB,E05000521,9600,4482,2200,335000,39440,2.1
Richmond_upon_Thames_Hampton_Wick,00BDGC,E05000522,10550,4950,3300,455000,46760,2.7
Richmond_upon_Thames_Heathfield,00BDGD,E05000523,10600,4752,1300,380500,36950,2
Richmond_upon_Thames_Kew,00BDGE,E05000524,11650,5807,4300,630000,52130,2.9
Richmond_upon_Thames_Mortlake_and_Barnes_Common,00BDGF,E05000525,11100,5800,2600,746500,50100,3
Richmond_upon_Thames_North_Richmond,00BDGG,E05000526,11050,5695,4500,625625,50860,4.4
Richmond_upon_Thames_St._Margarets_&_North_Twickenham,00BDGH,E05000527,11800,6200,4000,600000,52870,3.1
Richmond_upon_Thames_South_Richmond,00BDGJ,E05000528,11100,5715,13200,655000,52690,4.2
Richmond_upon_Thames_South_Twickenham,00BDGK,E05000529,10100,5458,4300,555500,51380,3.5
Richmond_upon_Thames_Teddington,00BDGL,E05000530,10550,5564,8400,499950,50600,3.2
Richmond_upon_Thames_Twickenham_Riverside,00BDGM,E05000531,10650,5916,8400,458725,51350,4.5
Richmond_upon_Thames_West_Twickenham,00BDGN,E05000532,10750,5568,2100,450000,45040,2.7
Richmond_upon_Thames_Whitton,00BDGP,E05000533,10050,4802,1400,420000,42230,2.4
Southwark_Brunswick_Park,00BEGC,E05000534,13600,6446,6700,346500,36310,4.1
Southwark_Camberwell_Green,00BEGD,E05000535,15950,6937,5400,310000,31840,5.6
Southwark_Cathedrals,00BEGE,E05000536,17250,7697,65500,580000,40430,8
Southwark_Chaucer,00BEGF,E05000537,16200,8056,18000,442000,37780,7.2
Southwark_College,00BEGG,E05000538,11900,5705,1900,350000,42600,3.4
Southwark_East_Dulwich,00BEGH,E05000539,12400,7196,2700,572500,48670,4.1
Southwark_East_Walworth,00BEGJ,E05000540,13850,5291,4100,315000,31010,5.8
Southwark_Faraday,00BEGK,E05000541,13050,5581,1400,315000,30760,4.7
Southwark_Grange,00BEGL,E05000542,17600,8428,16800,500000,38500,5.1
Southwark_Livesey,00BEGM,E05000543,15000,5742,4000,289995,28880,4.3
Southwark_Newington,00BEGN,E05000544,15500,6957,6900,380000,34190,5.8
Southwark_Nunhead,00BEGP,E05000545,13850,6328,1200,356250,33540,4.8
Southwark_Peckham,00BEGQ,E05000546,15350,6258,1400,285000,30030,4.1
Southwark_Peckham_Rye,00BEGR,E05000547,13550,7263,1400,421000,42820,3.5
Southwark_Riverside,00BEGS,E05000548,16600,8745,46700,585000,43110,4.4
Southwark_Rotherhithe,00BEGT,E05000549,15050,7175,3400,421800,36970,5.3
Southwark_South_Bermondsey,00BEGU,E05000550,14400,6452,2300,288025,31150,3.7
Southwark_South_Camberwell,00BEGW,E05000551,13200,6543,3000,396089,41130,4.6
Southwark_Surrey_Docks,00BEGX,E05000552,15400,8567,2700,415000,45410,2.9
Southwark_The_Lane,00BEGY,E05000553,16450,7623,4900,407500,37940,6
Southwark_Village,00BEGZ,E05000554,12500,6258,3100,850000,58400,4.1
Sutton_Beddington_North,00BFGC,E05000555,10550,5250,9500,289000,39290,2.6
Sutton_Beddington_South,00BFGD,E05000556,10900,4718,2100,386000,35600,2
Sutton_Belmont,00BFGE,E05000557,10350,5042,4300,290000,44260,2.3
Sutton_Carshalton_Central,00BFGF,E05000558,10400,5302,2600,318000,42200,3.3
Sutton_Carshalton_South_and_Clockhouse,00BFGG,E05000559,10200,4741,1900,419995,44270,2.1
Sutton_Cheam,00BFGH,E05000560,10550,4749,3800,376000,46220,2.2
Sutton_Nonsuch,00BFGJ,E05000561,10900,5402,2500,388500,42640,2.3
Sutton_St._Helier,00BFGK,E05000562,12300,5418,4300,248000,31040,2.9
Sutton_Stonecot,00BFGL,E05000563,11000,5420,2900,347500,39210,2.5
Sutton_Sutton_Central,00BFGM,E05000564,11550,5793,16000,240000,35660,4.9
Sutton_Sutton_North,00BFGN,E05000565,10600,4959,1700,300500,38060,3.3
Sutton_Sutton_South,00BFGP,E05000566,10000,5073,3900,250000,40460,3.3
Sutton_Sutton_West,00BFGQ,E05000567,10900,5686,1900,270000,41610,3.5
Sutton_The_Wrythe,00BFGR,E05000568,10500,5289,1500,257500,36790,2.6
Sutton_Wallington_North,00BFGS,E05000569,10900,5531,2900,272000,38710,3.5
Sutton_Wallington_South,00BFGT,E05000570,10650,4886,3200,246000,37960,3.4
Sutton_Wandle_Valley,00BFGU,E05000571,12250,5601,2000,243500,32330,2.4
Sutton_Worcester_Park,00BFGW,E05000572,11950,6052,2700,338000,40610,2.4
Tower_Hamlets_Bethnal_Green_North,00BGFW,E05000573,14750,6580,4700,383000,36230,6
Tower_Hamlets_Bethnal_Green_South,00BGFX,E05000574,15150,5934,3600,357500,32860,6.8
Tower_Hamlets_Blackwall_and_Cubitt_Town,00BGFY,E05000575,23250,10684,25800,380000,43330,3.8
Tower_Hamlets_Bow_East,00BGFZ,E05000576,15650,7655,6200,325000,36800,3.6
Tower_Hamlets_Bow_West,00BGGA,E05000577,13650,6262,3000,415000,41000,5.2
Tower_Hamlets_BromleybyBow,00BGGB,E05000578,19750,5386,4100,302500,31980,4.2
Tower_Hamlets_East_India_and_Lansbury,00BGGC,E05000579,16550,5124,2700,293000,29680,3.5
Tower_Hamlets_Limehouse,00BGGD,E05000580,17100,7314,4000,375000,36260,5
Tower_Hamlets_Mile_End_and_Globe_Town,00BGGE,E05000581,16200,6271,7300,385000,34300,5.4
Tower_Hamlets_Mile_End_East,00BGGF,E05000582,15200,5276,3700,325000,32510,5.3
Tower_Hamlets_Millwall,00BGGG,E05000583,26350,13759,115700,420000,46940,3.4
Tower_Hamlets_St._Dunstans_and_Stepney_Green,00BGGH,E05000584,17100,6098,3100,363250,32930,5.4
Tower_Hamlets_St._Katherines_and_Wapping,00BGGJ,E05000585,13550,7619,15300,453000,50770,4.4
Tower_Hamlets_Shadwell,00BGGK,E05000586,15900,6534,3500,370000,36360,6
Tower_Hamlets_Spitalfields_and_Banglatown,00BGGL,E05000587,11800,5055,23700,499995,39910,6.9
Tower_Hamlets_Weavers,00BGGM,E05000588,15050,6693,4400,510000,37760,5.5
Tower_Hamlets_Whitechapel,00BGGN,E05000589,17300,7530,24300,489000,37600,6.8
Waltham_Forest_Cann_Hall,00BHFX,E05000590,14350,6265,1500,326000,32700,2.9
Waltham_Forest_Cathall,00BHFY,E05000591,13300,5715,1500,332500,30950,4.3
Waltham_Forest_Chapel_End,00BHFZ,E05000592,14600,6595,4100,340000,36440,2.9
Waltham_Forest_Chingford_Green,00BHGA,E05000593,10550,4570,3500,330000,39280,2.8
Waltham_Forest_Endlebury,00BHGB,E05000594,11150,4871,1300,310000,38580,2.4
Waltham_Forest_Forest,00BHGC,E05000595,13250,5861,10500,401000,36080,4.3
Waltham_Forest_Grove_Green,00BHGD,E05000596,15300,7587,1100,308000,36350,4.2
Waltham_Forest_Hale_End_and_Highams_Park,00BHGE,E05000597,12200,5319,6400,288748,39490,2.5
Waltham_Forest_Hatch_Lane,00BHGF,E05000598,11400,4914,1600,286500,36110,2.5
Waltham_Forest_High_Street,00BHGG,E05000599,14850,7146,3600,333000,34810,4.4
Waltham_Forest_Higham_Hill,00BHGH,E05000600,14200,5608,3300,325000,31270,2.6
Waltham_Forest_Hoe_Street,00BHGJ,E05000601,14600,6453,3100,360000,34890,5.2
Waltham_Forest_Larkswood,00BHGK,E05000602,12050,5104,2300,335000,35170,2.8
Waltham_Forest_Lea_Bridge,00BHGL,E05000603,16250,6671,6100,283250,31450,3.6
Waltham_Forest_Leyton,00BHGM,E05000604,14950,5956,5700,255000,31040,3.8
Waltham_Forest_Leytonstone,00BHGN,E05000605,13450,6887,3800,345000,38700,5.5
Waltham_Forest_Markhouse,00BHGP,E05000606,15250,6044,2200,324000,33780,4.2
Waltham_Forest_Valley,00BHGQ,E05000607,11850,5100,3300,285000,34250,2.4
Waltham_Forest_William_Morris,00BHGR,E05000608,13750,6291,2500,351625,35070,3.5
Waltham_Forest_Wood_Street,00BHGS,E05000609,14150,5974,2300,387500,35130,3.7
Wandsworth_Balham,00BJFZ,E05000610,15050,9369,4800,595000,53420,4.7
Wandsworth_Bedford,00BJGA,E05000611,15100,9077,1900,496500,46410,4.1
Wandsworth_Earlsfield,00BJGB,E05000612,16100,9556,5900,541000,44360,3.9
Wandsworth_East_Putney,00BJGC,E05000613,15850,9292,4100,534000,49010,4.1
Wandsworth_Fairfield,00BJGD,E05000614,15350,9882,8300,500000,48590,5.5
Wandsworth_Furzedown,00BJGE,E05000615,15850,7450,1600,410000,38240,3.2
Wandsworth_Graveney,00BJGF,E05000616,15700,8095,3600,440000,37960,5.2
Wandsworth_Latchmere,00BJGG,E05000617,15850,7869,2600,398500,34990,5.9
Wandsworth_Nightingale,00BJGH,E05000618,14950,8864,3600,595000,50790,5.4
Wandsworth_Northcote,00BJGJ,E05000619,15400,9397,6400,795000,55810,5.3
Wandsworth_Queenstown,00BJGK,E05000620,20150,9607,12200,630000,39580,4.4
Wandsworth_Roehampton,00BJGL,E05000621,17550,6856,4400,374950,30320,2.8
Wandsworth_St._Marys_Park,00BJGM,E05000622,17250,9696,10400,530000,44720,3.9
Wandsworth_Shaftesbury,00BJGN,E05000623,14500,9354,4000,700000,50410,5.5
Wandsworth_Southfields,00BJGP,E05000624,16750,9716,5700,515250,48160,3.7
Wandsworth_Thamesfield,00BJGQ,E05000625,15400,9409,10900,700000,55380,4.5
Wandsworth_Tooting,00BJGR,E05000626,17350,8038,14100,440500,36000,5.1
Wandsworth_Wandsworth_Common,00BJGS,E05000627,16350,7925,3700,568000,51420,2.7
Wandsworth_West_Hill,00BJGT,E05000628,16850,8595,2400,395000,40360,2.8
Wandsworth_West_Putney,00BJGU,E05000629,15400,7376,1800,497800,43280,2.7
Westminster_Abbey_Road,00BKGA,E05000630,11500,5233,3800,750000,52200,5.4
Westminster_Bayswater,00BKGB,E05000631,10500,5977,4300,850000,49960,6.5
Westminster_Bryanston_and_Dorset_Square,00BKGC,E05000632,12650,6295,29300,975000,51370,8
Westminster_Churchill,00BKGD,E05000633,10550,4085,3500,1100000,39530,4.9
Westminster_Church_Street,00BKGE,E05000634,12000,3744,4700,440000,26290,6.7
Westminster_Harrow_Road,00BKGF,E05000635,12350,5533,2200,499950,35000,5.7
Westminster_Hyde_Park,00BKGG,E05000636,13450,6014,30000,850000,46880,8
Westminster_Knightsbridge_and_Belgravia,00BKGH,E05000637,10050,3947,34300,3500000,88330,6.6
Westminster_Lancaster_Gate,00BKGJ,E05000638,13800,7523,7900,895000,49290,7.7
Westminster_Little_Venice,00BKGK,E05000639,11050,5384,2900,870000,48770,5.6
Westminster_Maida_Vale,00BKGL,E05000640,10550,5243,1800,773000,45660,5.2
Westminster_Marylebone_High_Street,00BKGM,E05000641,11150,5902,67900,1090000,58370,7.7
Westminster_Queens_Park,00BKGN,E05000642,13050,5088,1900,545000,32260,5
Westminster_Regents_Park,00BKGP,E05000643,12500,5153,9100,942500,46510,5.2
Westminster_St._Jamess,00BKGQ,E05000644,12050,5879,214300,1262500,52520,7.6
Westminster_Tachbrook,00BKGR,E05000645,8500,4531,2600,715650,47340,6.6
Westminster_Vincent_Square,00BKGS,E05000646,10500,5023,26700,840000,46550,6.9
Westminster_Warwick,00BKGT,E05000647,9800,5388,24200,857250,50250,7.2
Westminster_Westbourne,00BKGU,E05000648,13200,5173,3800,499975,32390,4.9
Westminster_West_End,00BKGW,E05000649,11250,6124,217900,1487500,54970,8
City_of_London,00AA,E09000001,8100,4555,392400,765000,63620,7.9
Barking_and_Dagenham,00AB,E09000002,205450,74001,50000,215000,34080,3
Barnet,00AC,E09000003,393200,164302,124300,400000,54530,3
Bexley,00AD,E09000004,237000,107274,69400,250000,44430,2.6
Brent,00AE,E09000005,326350,144030,111600,385000,39630,3.7
Bromley,00AF,E09000006,320100,146448,105000,335000,55140,2.8
Camden,00AG,E09000007,230300,105123,327600,675000,67990,5.7
Croydon,00AH,E09000008,381150,168680,113100,265000,45120,3.2
Ealing,00AJ,E09000009,349350,161259,124400,388000,45690,3.3
Enfield,00AK,E09000010,322150,133872,98500,285000,41250,3
Greenwich,00AL,E09000011,281550,115561,74700,317000,44370,3.4
Hackney,00AM,E09000012,262700,116980,108500,433000,42690,4.9
Hammersmith_and_Fulham,00AN,E09000013,189850,97453,130500,661000,62910,4.7
Haringey,00AP,E09000014,269100,121835,65100,405000,45860,4.3
Harrow,00AQ,E09000015,247500,110158,71700,370000,49060,2.9
Havering,00AR,E09000016,250350,109624,77000,250000,44430,2.5
Hillingdon,00AS,E09000017,289500,127046,200000,307000,44950,2.4
Hounslow,00AT,E09000018,263600,124325,143400,319950,44490,3
Islington,00AU,E09000019,220800,104767,208600,530000,54950,5.7
Kensington_and_Chelsea,00AW,E09000020,161700,77998,125300,1195000,116350,5.8
Kingston_upon_Thames,00AX,E09000021,167200,79777,74100,385000,56920,2.9
Lambeth,00AY,E09000022,320450,164113,143100,420000,48610,5
Lewisham,00AZ,E09000023,293050,133650,65200,315000,43360,4.1
Merton,00BA,E09000024,206200,102354,81200,385000,57160,3.4
Newham,00BB,E09000025,338000,131093,90100,250000,34260,3.9
Redbridge,00BC,E09000026,292450,121539,72200,301500,45380,3
Richmond_upon_Thames,00BD,E09000027,191600,95862,77600,535000,76610,3.1
Southwark,00BE,E09000028,308650,145248,203400,420000,48000,4.9
Sutton,00BF,E09000029,196400,94912,70000,285000,49170,2.9
Tower_Hamlets,00BG,E09000030,284300,119774,255200,383000,45720,5
Waltham_Forest,00BH,E09000031,271450,118931,69800,320000,39460,3.6
Wandsworth,00BJ,E09000032,322750,175423,112400,532500,66220,4.3
Westminster,00BK,E09000033,230550,107239,693100,875000,80760,6.5